Date,HomeTeam,AwayTeam,B365H,B365D,B365A,B365>2.5,B365<2.5,AHh,B365AHH,B365AHA,HTHG,HTAG,HTR,HF,AF,HY,AY,HR,AR,Time,FTR,Season
2022-08-13,Milan,Udinese,1.44,4.75,7.0,1.72,2.1,-1.25,1.94,1.96,2,2,D,16,13,1,4,0,0,17:30,H,2022/2023
2022-08-13,Sampdoria,Atalanta,4.33,3.9,1.75,1.72,2.1,0.75,1.9,2.0,0,1,A,13,21,4,6,0,0,17:30,A,2022/2023
2022-08-13,Lecce,Inter,10.0,5.75,1.28,1.57,2.37,1.5,2.01,1.89,0,1,A,21,19,4,2,0,0,19:45,A,2022/2023
2022-08-13,Monza,Torino,2.6,3.3,2.75,2.1,1.72,0.0,1.84,2.06,0,1,A,6,17,1,2,0,0,19:45,A,2022/2023
2022-08-14,Fiorentina,Cremonese,1.36,5.0,8.5,1.66,2.2,-1.25,1.85,2.05,2,1,H,10,19,0,3,0,1,17:30,H,2022/2023
2022-08-14,Lazio,Bologna,1.57,4.33,5.75,1.66,2.2,-1.0,2.0,1.9,0,1,A,11,18,2,6,1,1,17:30,H,2022/2023
2022-08-14,Salernitana,Roma,6.5,4.75,1.44,1.72,2.1,1.0,2.17,1.75,0,1,A,18,9,3,2,0,0,19:45,A,2022/2023
2022-08-14,Spezia,Empoli,2.45,3.3,2.9,1.94,1.96,0.0,1.8,2.1,1,0,H,15,8,2,1,0,0,19:45,H,2022/2023
2022-08-15,Verona,Napoli,3.5,3.5,2.05,1.8,2.0,0.25,2.02,1.77,1,2,A,15,6,2,2,0,0,17:30,A,2022/2023
2022-08-15,Juventus,Sassuolo,1.44,4.75,7.0,1.53,2.5,-1.25,1.99,1.91,2,0,H,7,5,1,3,0,0,19:45,H,2022/2023
2022-08-20,Torino,Lazio,3.0,3.5,2.3,1.92,1.98,0.25,1.82,2.08,0,0,D,11,12,0,5,0,0,17:30,D,2022/2023
2022-08-20,Udinese,Salernitana,1.75,3.8,4.5,1.8,2.0,-0.75,2.0,1.9,0,0,D,9,12,2,4,1,0,17:30,D,2022/2023
2022-08-20,Inter,Spezia,1.16,8.0,15.0,1.3,3.5,-2.25,2.01,1.89,1,0,H,11,7,0,0,0,0,19:45,H,2022/2023
2022-08-20,Sassuolo,Lecce,1.75,4.0,4.2,1.61,2.3,-0.75,2.03,1.87,1,0,H,14,12,5,1,0,0,19:45,H,2022/2023
2022-08-21,Empoli,Fiorentina,3.75,3.8,1.9,1.66,2.2,0.5,1.97,1.93,0,0,D,13,11,1,3,1,0,17:30,D,2022/2023
2022-08-21,Napoli,Monza,1.33,5.5,8.0,1.5,2.62,-1.5,1.96,1.94,2,0,H,11,13,2,1,0,0,17:30,H,2022/2023
2022-08-21,Atalanta,Milan,2.75,3.5,2.5,1.72,2.1,0.25,1.7,2.1,1,0,H,15,6,4,3,0,0,19:45,D,2022/2023
2022-08-21,Bologna,Verona,2.15,3.5,3.3,1.85,2.05,-0.25,1.9,2.0,1,1,D,10,14,3,3,1,0,19:45,D,2022/2023
2022-08-22,Roma,Cremonese,1.25,6.5,11.0,1.61,2.3,-1.75,1.99,1.91,0,0,D,7,14,0,3,0,0,17:30,H,2022/2023
2022-08-22,Sampdoria,Juventus,5.75,4.0,1.6,1.89,2.01,1.0,1.83,2.07,0,0,D,8,14,3,2,0,0,19:45,D,2022/2023
2022-08-26,Monza,Udinese,3.1,3.4,2.3,1.88,2.02,0.25,1.91,1.99,1,1,D,16,10,3,2,0,0,17:30,A,2022/2023
2022-08-26,Lazio,Inter,4.0,3.8,1.83,1.66,2.2,0.5,2.0,1.9,1,0,H,5,12,2,1,0,0,19:45,H,2022/2023
2022-08-27,Cremonese,Torino,3.2,3.4,2.25,2.03,1.87,0.25,1.94,1.96,0,1,A,9,21,0,3,0,0,17:30,A,2022/2023
2022-08-27,Juventus,Roma,2.3,3.3,3.1,2.1,1.72,-0.25,2.05,1.85,1,0,H,16,7,2,2,0,0,17:30,D,2022/2023
2022-08-27,Milan,Bologna,1.33,5.5,8.5,1.61,2.3,-1.5,2.01,1.89,1,0,H,13,9,2,1,0,0,19:45,H,2022/2023
2022-08-27,Spezia,Sassuolo,3.0,3.6,2.25,1.61,2.3,0.25,1.9,2.0,2,1,H,17,10,2,1,1,0,19:45,D,2022/2023
2022-08-28,Salernitana,Sampdoria,2.45,3.2,3.0,2.03,1.87,-0.25,2.11,1.79,2,0,H,19,14,2,2,0,0,17:30,H,2022/2023
2022-08-28,Verona,Atalanta,4.2,4.0,1.75,1.66,2.2,0.75,1.9,2.0,0,0,D,15,7,3,3,0,0,17:30,A,2022/2023
2022-08-28,Fiorentina,Napoli,3.25,3.6,2.15,1.66,2.2,0.25,2.05,1.85,0,0,D,12,14,2,3,0,0,19:45,D,2022/2023
2022-08-28,Lecce,Empoli,2.3,3.5,3.0,1.8,2.0,-0.25,2.06,1.84,1,1,D,10,5,1,2,0,0,19:45,D,2022/2023
2022-08-30,Sassuolo,Milan,5.25,4.33,1.57,1.53,2.5,1.0,1.92,1.98,0,0,D,14,13,5,2,0,0,17:30,D,2022/2023
2022-08-30,Inter,Cremonese,1.14,8.0,21.0,1.3,3.5,-2.5,2.02,1.88,2,0,H,6,14,0,3,0,0,19:45,H,2022/2023
2022-08-30,Roma,Monza,1.3,5.5,10.0,1.53,2.5,-1.5,1.86,2.04,2,0,H,10,7,0,3,0,0,19:45,H,2022/2023
2022-08-31,Empoli,Verona,2.62,3.3,2.7,1.88,2.02,0.0,1.97,1.93,1,0,H,5,21,0,4,0,0,17:30,D,2022/2023
2022-08-31,Sampdoria,Lazio,4.2,3.6,1.85,1.92,1.98,0.5,2.0,1.9,0,1,A,10,7,0,2,0,0,17:30,D,2022/2023
2022-08-31,Udinese,Fiorentina,2.7,3.5,2.5,1.8,2.0,0.0,1.99,1.91,1,0,H,13,9,1,2,0,0,17:30,H,2022/2023
2022-08-31,Juventus,Spezia,1.28,5.75,12.0,1.66,2.2,-1.5,1.77,2.02,1,0,H,1,4,0,2,0,0,19:45,H,2022/2023
2022-08-31,Napoli,Lecce,1.25,6.25,11.0,1.44,2.75,-1.75,1.96,1.94,1,1,D,1,3,1,4,0,0,19:45,D,2022/2023
2022-09-01,Atalanta,Torino,1.72,3.75,5.25,1.72,2.1,-0.75,1.88,2.02,1,0,H,14,13,1,3,0,0,19:45,H,2022/2023
2022-09-01,Bologna,Salernitana,1.85,3.6,4.33,1.8,2.0,-0.5,1.89,2.01,0,0,D,10,11,2,2,0,0,19:45,D,2022/2023
2022-09-03,Fiorentina,Juventus,3.0,3.25,2.4,2.1,1.72,0.25,1.81,2.09,1,1,D,13,12,1,3,0,0,14:00,D,2022/2023
2022-09-03,Milan,Inter,2.8,3.25,2.6,1.88,2.02,0.0,2.06,1.84,1,1,D,10,12,5,2,0,0,17:00,H,2022/2023
2022-09-03,Lazio,Napoli,2.9,3.5,2.37,1.72,2.1,0.25,1.83,2.07,1,1,D,12,14,4,0,0,0,19:45,A,2022/2023
2022-09-04,Cremonese,Sassuolo,3.0,3.5,2.25,1.66,2.2,0.25,1.86,2.04,0,0,D,16,6,1,1,0,0,11:30,D,2022/2023
2022-09-04,Spezia,Bologna,3.0,3.3,2.37,1.9,2.0,0.25,1.79,2.11,1,1,D,12,5,4,1,0,0,14:00,D,2022/2023
2022-09-04,Verona,Sampdoria,2.05,3.6,3.6,1.93,1.97,-0.5,2.06,1.84,2,1,H,16,11,2,2,0,0,17:00,H,2022/2023
2022-09-04,Udinese,Roma,4.2,3.75,1.85,1.86,2.04,0.5,1.95,1.95,1,0,H,16,13,3,2,0,0,19:45,H,2022/2023
2022-09-05,Monza,Atalanta,5.75,4.2,1.57,1.66,2.2,1.0,1.9,2.0,0,0,D,9,10,1,1,0,0,17:30,A,2022/2023
2022-09-05,Salernitana,Empoli,2.25,3.4,3.2,1.94,1.96,-0.25,1.95,1.95,1,1,D,7,9,3,2,0,0,17:30,D,2022/2023
2022-09-05,Torino,Lecce,1.7,3.75,5.25,1.9,2.0,-0.75,1.94,1.96,1,0,H,16,8,2,1,0,0,19:45,H,2022/2023
2022-09-10,Napoli,Spezia,1.25,6.0,11.0,1.5,2.62,-1.75,1.91,1.99,0,0,D,6,14,1,2,0,0,14:00,H,2022/2023
2022-09-10,Inter,Torino,1.45,4.75,7.0,1.66,2.2,-1.25,1.99,1.91,0,0,D,8,17,1,2,0,0,17:00,H,2022/2023
2022-09-10,Sampdoria,Milan,6.0,4.5,1.5,1.72,2.1,1.0,2.0,1.9,0,1,A,12,10,5,2,0,1,19:45,A,2022/2023
2022-09-11,Atalanta,Cremonese,1.3,5.5,9.5,1.57,2.37,-1.5,1.95,1.95,0,0,D,9,17,2,5,0,0,11:30,D,2022/2023
2022-09-11,Bologna,Fiorentina,2.9,3.4,2.45,1.96,1.94,0.25,1.79,2.11,0,0,D,8,13,1,4,0,1,14:00,H,2022/2023
2022-09-11,Lecce,Monza,2.25,3.4,3.2,2.02,1.88,-0.25,1.99,1.91,0,1,A,18,22,3,3,0,0,14:00,D,2022/2023
2022-09-11,Sassuolo,Udinese,2.7,3.5,2.55,1.66,2.2,0.0,2.0,1.9,1,0,H,7,15,1,3,1,0,14:00,A,2022/2023
2022-09-11,Lazio,Verona,1.57,4.2,5.5,1.66,2.2,-1.0,1.99,1.91,0,0,D,5,23,2,5,0,0,17:00,H,2022/2023
2022-09-11,Juventus,Salernitana,1.4,4.5,8.5,1.8,2.0,-1.25,1.95,1.95,0,2,A,13,15,5,4,2,1,19:45,D,2022/2023
2022-09-12,Empoli,Roma,5.0,3.8,1.7,1.8,2.0,0.75,1.95,1.95,1,1,D,13,12,3,1,1,0,19:45,A,2022/2023
2022-09-16,Salernitana,Lecce,2.25,3.3,3.3,2.06,1.84,-0.25,1.95,1.95,0,1,A,9,11,1,3,0,0,19:45,A,2022/2023
2022-09-17,Bologna,Empoli,2.1,3.5,3.4,1.92,1.98,-0.25,1.85,2.05,0,0,D,11,16,2,3,0,0,14:00,A,2022/2023
2022-09-17,Spezia,Sampdoria,2.7,3.25,2.7,2.07,1.83,0.0,1.94,1.96,1,1,D,17,14,4,5,0,0,17:00,H,2022/2023
2022-09-17,Torino,Sassuolo,1.8,3.75,4.5,1.72,2.1,-0.5,1.77,2.02,0,0,D,13,7,4,1,0,0,19:45,A,2022/2023
2022-09-18,Udinese,Inter,3.8,3.6,1.95,1.66,2.2,0.5,1.98,1.92,1,1,D,11,13,3,4,0,0,11:30,H,2022/2023
2022-09-18,Cremonese,Lazio,4.33,3.75,1.8,1.72,2.1,0.75,1.82,2.08,0,3,A,12,9,1,1,0,0,14:00,A,2022/2023
2022-09-18,Fiorentina,Verona,1.75,3.8,4.5,1.8,2.0,-0.75,2.02,1.88,1,0,H,18,17,4,4,0,0,14:00,H,2022/2023
2022-09-18,Monza,Juventus,4.5,3.6,1.8,1.98,1.92,0.5,2.05,1.85,0,0,D,16,17,2,1,0,1,14:00,H,2022/2023
2022-09-18,Roma,Atalanta,2.05,3.5,3.5,1.87,2.03,-0.5,2.06,1.84,0,1,A,9,19,0,7,0,0,17:00,A,2022/2023
2022-09-18,Milan,Napoli,2.15,3.5,3.3,1.93,1.97,-0.25,1.86,2.04,0,0,D,18,11,4,3,0,0,19:45,A,2022/2023
2022-10-01,Napoli,Torino,1.6,4.0,5.75,1.8,2.0,-1.0,2.06,1.84,3,1,H,4,17,0,2,0,0,14:00,H,2022/2023
2022-10-01,Inter,Roma,2.0,3.5,3.75,1.8,2.0,-0.5,2.07,1.83,1,1,D,15,14,4,3,0,0,17:00,A,2022/2023
2022-10-01,Empoli,Milan,5.5,4.0,1.6,1.86,2.04,1.0,1.82,2.08,0,0,D,15,10,4,2,0,0,19:45,A,2022/2023
2022-10-02,Lazio,Spezia,1.4,5.0,7.5,1.61,2.3,-1.25,1.89,2.01,2,0,H,3,14,0,2,0,0,11:30,H,2022/2023
2022-10-02,Lecce,Cremonese,2.05,3.4,3.75,2.03,1.87,-0.5,2.08,1.82,1,1,D,11,15,3,1,0,0,14:00,D,2022/2023
2022-10-02,Sampdoria,Monza,2.25,3.4,3.2,1.98,1.92,-0.25,2.01,1.89,0,1,A,16,24,2,2,0,0,14:00,A,2022/2023
2022-10-02,Sassuolo,Salernitana,2.0,3.75,3.5,1.66,2.2,-0.5,2.06,1.84,2,0,H,10,8,1,1,0,0,14:00,H,2022/2023
2022-10-02,Atalanta,Fiorentina,1.95,3.5,4.0,1.92,1.98,-0.5,1.97,1.93,0,0,D,12,10,2,2,0,0,17:00,H,2022/2023
2022-10-02,Juventus,Bologna,1.5,4.33,6.5,1.88,2.02,-1.0,1.86,2.04,1,0,H,11,15,0,1,0,0,19:45,H,2022/2023
2022-10-03,Verona,Udinese,3.25,3.4,2.2,1.8,2.0,0.25,1.95,1.95,1,0,H,15,11,3,3,0,0,19:45,A,2022/2023
2022-10-08,Sassuolo,Inter,4.33,4.2,1.7,1.61,2.3,0.75,1.97,1.93,0,1,A,14,17,3,2,0,0,14:00,A,2022/2023
2022-10-08,Milan,Juventus,2.05,3.4,3.6,2.1,1.72,-0.25,1.77,2.02,1,0,H,7,7,2,3,0,0,17:00,H,2022/2023
2022-10-08,Bologna,Sampdoria,2.05,3.5,3.6,1.98,1.92,-0.5,2.07,1.83,1,0,H,17,21,2,3,0,0,19:45,D,2022/2023
2022-10-09,Torino,Empoli,1.72,3.6,5.0,2.0,1.8,-0.75,2.0,1.9,0,0,D,15,9,2,4,0,0,11:30,D,2022/2023
2022-10-09,Monza,Spezia,1.9,3.6,4.0,2.03,1.87,-0.5,1.91,1.99,1,0,H,10,20,3,2,0,0,14:00,H,2022/2023
2022-10-09,Salernitana,Verona,2.4,3.4,2.87,1.86,2.04,0.0,1.75,2.05,1,0,H,9,15,3,3,1,1,14:00,H,2022/2023
2022-10-09,Udinese,Atalanta,2.5,3.4,2.75,1.88,2.02,0.0,1.86,2.04,0,1,A,11,12,2,3,0,0,14:00,D,2022/2023
2022-10-09,Cremonese,Napoli,7.0,4.5,1.45,1.66,2.2,1.25,1.87,2.03,0,1,A,18,6,2,0,0,0,17:00,A,2022/2023
2022-10-09,Roma,Lecce,1.33,5.25,8.5,1.84,2.06,-1.25,1.83,2.07,1,1,D,12,11,2,2,0,1,19:45,H,2022/2023
2022-10-10,Fiorentina,Lazio,2.4,3.5,2.8,1.91,1.99,0.0,1.79,2.11,0,2,A,17,9,4,1,0,0,19:45,A,2022/2023
2022-10-15,Empoli,Monza,2.55,3.3,2.8,1.99,1.91,0.0,1.83,2.07,1,0,H,17,14,5,3,0,1,14:00,H,2022/2023
2022-10-15,Torino,Juventus,3.0,3.1,2.5,2.3,1.61,0.25,1.73,2.08,0,0,D,11,8,2,0,0,0,17:00,A,2022/2023
2022-10-15,Atalanta,Sassuolo,1.65,4.0,5.0,1.66,2.2,-0.75,1.85,2.05,1,1,D,10,8,1,4,0,0,19:45,H,2022/2023
2022-10-16,Inter,Salernitana,1.3,5.75,9.0,1.5,2.62,-1.5,1.77,2.02,1,0,H,12,14,0,1,0,0,11:30,H,2022/2023
2022-10-16,Lazio,Udinese,2.2,3.5,3.25,1.66,2.2,-0.25,1.89,2.01,0,0,D,8,11,1,4,0,0,14:00,D,2022/2023
2022-10-16,Spezia,Cremonese,2.45,3.2,3.1,2.04,1.86,-0.25,2.1,1.8,2,1,H,12,11,2,0,0,0,14:00,D,2022/2023
2022-10-16,Napoli,Bologna,1.25,6.0,11.0,1.53,2.5,-1.75,2.0,1.9,1,1,D,6,10,0,4,0,0,17:00,H,2022/2023
2022-10-16,Verona,Milan,6.0,4.0,1.57,1.8,2.0,1.0,1.92,1.98,1,1,D,7,9,3,2,0,0,19:45,A,2022/2023
2022-10-17,Sampdoria,Roma,4.75,3.75,1.72,1.99,1.91,0.75,1.92,1.98,0,1,A,20,20,5,3,0,0,17:30,A,2022/2023
2022-10-17,Lecce,Fiorentina,3.75,3.4,2.05,2.1,1.72,0.5,1.83,2.07,1,0,H,15,16,5,5,1,0,19:45,D,2022/2023
2022-10-21,Juventus,Empoli,1.4,5.0,7.0,1.66,2.2,-1.25,1.89,2.01,1,0,H,13,11,2,2,0,0,19:45,H,2022/2023
2022-10-22,Salernitana,Spezia,2.0,3.5,3.8,2.0,1.9,-0.5,2.02,1.88,0,0,D,9,8,2,4,0,0,14:00,H,2022/2023
2022-10-22,Milan,Monza,1.4,5.0,7.5,1.66,2.2,-1.25,1.9,2.0,2,0,H,18,9,1,1,0,0,17:00,H,2022/2023
2022-10-22,Fiorentina,Inter,3.6,3.5,2.05,1.8,2.0,0.5,1.84,2.06,1,2,A,15,14,4,3,0,0,19:45,A,2022/2023
2022-10-23,Udinese,Torino,2.0,3.3,4.0,2.06,1.84,-0.5,2.03,1.87,1,1,D,12,15,3,4,0,0,11:30,A,2022/2023
2022-10-23,Bologna,Lecce,2.15,3.2,3.75,2.2,1.66,-0.25,1.86,2.04,2,0,H,11,14,5,2,0,0,14:00,H,2022/2023
2022-10-23,Atalanta,Lazio,1.95,3.5,4.0,1.72,2.1,-0.5,1.99,1.91,0,1,A,15,9,4,2,1,0,17:00,A,2022/2023
2022-10-23,Roma,Napoli,2.87,3.5,2.4,1.8,2.0,0.25,1.8,2.1,0,0,D,14,12,3,4,0,0,19:45,A,2022/2023
2022-10-24,Cremonese,Sampdoria,2.4,3.3,3.0,1.97,1.93,-0.25,2.1,1.8,0,0,D,16,15,3,4,0,0,17:30,A,2022/2023
2022-10-24,Sassuolo,Verona,1.95,3.5,4.0,1.72,2.1,-0.5,1.95,1.95,1,1,D,7,19,1,3,0,0,19:45,H,2022/2023
2022-10-29,Napoli,Sassuolo,1.28,6.0,8.5,1.44,2.75,-1.75,2.04,1.86,3,0,H,5,6,0,3,0,1,14:00,H,2022/2023
2022-10-29,Lecce,Juventus,4.33,3.3,1.9,2.2,1.66,0.5,1.99,1.91,0,0,D,16,13,3,5,0,0,17:00,A,2022/2023
2022-10-29,Inter,Sampdoria,1.25,6.0,12.0,1.53,2.5,-1.75,1.94,1.96,2,0,H,5,13,1,6,0,0,19:45,H,2022/2023
2022-10-30,Empoli,Atalanta,4.33,3.8,1.8,1.8,2.0,0.75,1.83,2.07,0,1,A,10,13,2,1,0,0,11:30,A,2022/2023
2022-10-30,Cremonese,Udinese,4.0,3.8,1.85,1.72,2.1,0.5,2.01,1.89,0,0,D,8,9,1,0,0,0,14:00,D,2022/2023
2022-10-30,Spezia,Fiorentina,4.0,3.6,1.9,1.98,1.92,0.5,1.98,1.92,1,1,D,19,14,5,3,1,0,14:00,A,2022/2023
2022-10-30,Lazio,Salernitana,1.5,4.5,6.5,1.66,2.2,-1.0,1.75,2.05,1,0,H,10,7,3,3,0,0,17:00,A,2022/2023
2022-10-30,Torino,Milan,3.75,3.3,2.1,2.1,1.72,0.25,2.07,1.83,2,0,H,11,16,5,2,0,0,19:45,H,2022/2023
2022-10-31,Verona,Roma,4.33,3.6,1.83,1.98,1.92,0.5,2.02,1.88,1,1,D,9,9,3,1,1,0,17:30,A,2022/2023
2022-10-31,Monza,Bologna,2.2,3.3,3.4,1.97,1.93,-0.25,1.91,1.99,0,0,D,13,18,4,2,0,0,19:45,A,2022/2023
2022-11-04,Udinese,Lecce,1.61,3.9,5.5,1.99,1.91,-0.75,1.84,2.06,0,1,A,12,18,2,3,0,0,19:45,D,2022/2023
2022-11-05,Empoli,Sassuolo,2.8,3.4,2.45,1.72,2.1,0.0,2.05,1.85,0,0,D,11,11,2,0,0,0,14:00,H,2022/2023
2022-11-05,Salernitana,Cremonese,2.15,3.6,3.3,2.04,1.86,-0.25,1.88,2.02,2,1,H,14,10,2,2,0,0,14:00,D,2022/2023
2022-11-05,Atalanta,Napoli,3.3,3.6,2.15,1.66,2.2,0.25,2.06,1.84,1,2,A,10,9,5,1,0,0,17:00,A,2022/2023
2022-11-05,Milan,Spezia,1.22,6.0,13.0,1.57,2.37,-1.75,1.92,1.98,1,0,H,12,13,6,4,1,0,19:45,H,2022/2023
2022-11-06,Bologna,Torino,3.0,3.1,2.5,2.3,1.61,0.25,1.76,2.15,0,1,A,14,17,3,3,0,0,11:30,H,2022/2023
2022-11-06,Monza,Verona,2.2,3.4,3.3,1.92,1.98,-0.25,1.91,1.99,0,0,D,10,10,3,1,0,1,14:00,H,2022/2023
2022-11-06,Sampdoria,Fiorentina,4.2,3.4,1.9,2.06,1.84,0.5,1.94,1.96,0,1,A,10,18,1,0,0,0,14:00,A,2022/2023
2022-11-06,Roma,Lazio,2.0,3.5,3.8,1.95,1.95,-0.5,2.03,1.87,0,1,A,18,14,2,3,0,0,17:00,A,2022/2023
2022-11-06,Juventus,Inter,3.1,3.4,2.37,1.99,1.91,0.25,1.81,2.09,0,0,D,16,13,2,2,0,0,19:45,H,2022/2023
2022-11-08,Napoli,Empoli,1.25,6.5,9.5,1.4,3.0,-1.75,1.88,2.02,0,0,D,12,16,1,6,0,1,17:30,H,2022/2023
2022-11-08,Spezia,Udinese,4.0,3.5,1.9,1.99,1.91,0.5,1.92,1.98,1,1,D,12,12,3,3,0,0,17:30,D,2022/2023
2022-11-08,Cremonese,Milan,6.0,4.2,1.55,1.72,2.1,1.0,1.92,1.98,0,0,D,16,10,4,3,0,0,19:45,D,2022/2023
2022-11-09,Lecce,Atalanta,4.75,3.5,1.8,2.06,1.84,0.75,1.85,2.05,2,1,H,11,12,1,2,0,0,17:30,H,2022/2023
2022-11-09,Sassuolo,Roma,3.4,3.6,2.1,1.83,2.07,0.25,2.07,1.83,0,0,D,11,11,5,3,0,0,17:30,D,2022/2023
2022-11-09,Fiorentina,Salernitana,1.53,4.2,6.25,1.72,2.1,-1.0,1.92,1.98,1,0,H,10,11,0,1,0,0,19:45,H,2022/2023
2022-11-09,Inter,Bologna,1.28,5.75,10.0,1.53,2.5,-1.5,1.94,1.96,3,1,H,10,11,1,5,0,0,19:45,H,2022/2023
2022-11-09,Torino,Sampdoria,1.61,3.8,5.75,2.1,1.72,-0.75,1.82,2.08,1,0,H,14,21,1,3,0,0,19:45,H,2022/2023
2022-11-10,Verona,Juventus,5.0,3.8,1.66,2.01,1.89,0.75,2.0,1.9,0,0,D,14,13,3,2,0,1,17:30,A,2022/2023
2022-11-10,Lazio,Monza,1.61,4.2,5.0,1.72,2.1,-1.0,2.05,1.85,0,0,D,15,14,2,1,0,0,19:45,H,2022/2023
2022-11-11,Empoli,Cremonese,2.5,3.4,2.8,1.97,1.93,0.0,1.82,2.08,0,0,D,9,14,1,2,0,0,19:45,H,2022/2023
2022-11-12,Napoli,Udinese,1.5,4.75,5.75,1.57,2.37,-1.25,2.07,1.83,2,0,H,12,13,2,3,0,0,14:00,H,2022/2023
2022-11-12,Sampdoria,Lecce,2.62,3.0,3.0,2.5,1.53,0.0,1.86,2.04,0,1,A,14,19,2,3,0,0,17:00,A,2022/2023
2022-11-12,Bologna,Sassuolo,2.3,3.5,3.0,1.87,2.03,-0.25,2.02,1.88,1,0,H,12,6,1,0,0,0,19:45,H,2022/2023
2022-11-13,Atalanta,Inter,3.1,3.75,2.2,1.72,2.1,0.25,1.91,1.99,1,1,D,10,11,0,3,0,0,11:30,A,2022/2023
2022-11-13,Monza,Salernitana,2.15,3.25,3.6,1.9,2.0,-0.25,1.82,2.08,2,0,H,9,11,0,2,0,1,14:00,H,2022/2023
2022-11-13,Roma,Torino,1.9,3.4,4.33,2.2,1.66,-0.5,1.95,1.95,0,0,D,13,10,3,2,0,0,14:00,D,2022/2023
2022-11-13,Verona,Spezia,2.1,3.4,3.6,1.92,1.98,-0.25,1.82,2.08,1,0,H,13,21,2,4,0,0,14:00,A,2022/2023
2022-11-13,Milan,Fiorentina,1.7,3.8,5.0,1.9,2.0,-0.75,1.93,1.97,1,1,D,13,11,1,4,0,0,17:00,H,2022/2023
2022-11-13,Juventus,Lazio,1.95,3.5,4.0,2.05,1.85,-0.5,2.0,1.9,1,0,H,10,8,2,1,0,0,19:45,H,2022/2023
2023-01-04,Salernitana,Milan,7.0,4.33,1.45,1.73,2.1,1.25,1.83,2.07,0,2,A,21,13,4,1,0,0,11:30,A,2022/2023
2023-01-04,Sassuolo,Sampdoria,1.73,3.75,4.75,1.96,1.94,-0.75,1.98,1.92,0,2,A,16,19,2,3,0,0,11:30,A,2022/2023
2023-01-04,Spezia,Atalanta,4.75,3.8,1.67,1.73,2.1,0.75,2.0,1.9,2,0,H,11,11,3,3,0,0,13:30,D,2022/2023
2023-01-04,Torino,Verona,1.83,3.4,4.5,2.07,1.83,-0.5,1.85,2.05,0,1,A,7,17,1,1,0,0,13:30,D,2022/2023
2023-01-04,Lecce,Lazio,3.6,3.3,2.05,2.3,1.62,0.25,2.08,1.82,0,1,A,16,13,3,2,0,0,15:30,H,2022/2023
2023-01-04,Roma,Bologna,1.6,3.8,5.5,2.0,1.8,-0.75,1.82,2.08,1,0,H,10,10,2,3,0,0,15:30,H,2022/2023
2023-01-04,Cremonese,Juventus,4.75,3.8,1.67,2.02,1.88,0.75,1.98,1.92,0,0,D,12,12,5,3,0,0,17:30,A,2022/2023
2023-01-04,Fiorentina,Monza,1.7,3.8,4.75,1.91,1.99,-0.75,1.92,1.98,1,0,H,11,13,1,3,0,0,17:30,D,2022/2023
2023-01-04,Inter,Napoli,2.25,3.4,3.1,1.73,2.1,-0.25,2.0,1.9,0,0,D,12,7,3,2,0,0,19:45,H,2022/2023
2023-01-04,Udinese,Empoli,1.6,4.2,5.75,1.67,2.2,-1.0,2.05,1.85,0,1,A,15,14,2,3,0,1,19:45,D,2022/2023
2023-01-07,Fiorentina,Sassuolo,1.7,3.8,5.0,1.73,2.1,-0.75,1.92,1.98,0,0,D,14,9,4,3,0,0,14:00,H,2022/2023
2023-01-07,Juventus,Udinese,1.75,3.8,4.5,2.01,1.89,-0.75,2.01,1.89,0,0,D,16,13,1,2,0,0,17:00,H,2022/2023
2023-01-07,Monza,Inter,5.75,4.33,1.55,1.67,2.2,1.0,1.96,1.94,1,2,A,14,20,0,3,0,0,19:45,D,2022/2023
2023-01-08,Salernitana,Torino,3.7,3.2,2.15,2.2,1.67,0.25,2.07,1.83,0,1,A,10,15,2,3,0,0,11:30,D,2022/2023
2023-01-08,Lazio,Empoli,1.53,4.2,6.0,1.73,2.1,-1.0,1.92,1.98,1,0,H,17,10,4,1,0,0,14:00,D,2022/2023
2023-01-08,Spezia,Lecce,2.6,3.1,2.9,2.2,1.67,0.0,1.83,2.07,0,0,D,14,15,0,1,0,0,14:00,D,2022/2023
2023-01-08,Sampdoria,Napoli,8.0,4.75,1.4,1.73,2.1,1.25,2.01,1.89,0,1,A,15,12,3,2,1,0,17:00,A,2022/2023
2023-01-08,Milan,Roma,1.83,3.6,4.33,2.09,1.81,-0.5,1.85,2.05,1,0,H,19,13,4,7,0,0,19:45,D,2022/2023
2023-01-09,Verona,Cremonese,2.05,3.3,3.8,1.94,1.96,-0.5,2.07,1.83,2,0,H,16,11,3,4,0,0,17:30,H,2022/2023
2023-01-09,Bologna,Atalanta,3.4,3.4,2.15,1.92,1.98,0.25,2.01,1.89,1,0,H,16,15,3,2,0,0,19:45,A,2022/2023
2023-01-13,Napoli,Juventus,1.91,3.5,4.0,2.06,1.84,-0.5,1.98,1.95,2,1,H,10,9,0,1,0,0,19:45,H,2022/2023
2023-01-14,Cremonese,Monza,2.8,3.3,2.55,2.0,1.8,0.0,2.09,1.84,0,2,A,12,12,2,4,0,0,14:00,A,2022/2023
2023-01-14,Lecce,Milan,5.75,3.8,1.62,2.03,1.87,0.75,2.05,1.75,2,0,H,11,12,1,2,0,0,17:00,D,2022/2023
2023-01-14,Inter,Verona,1.3,5.5,9.5,1.53,2.5,-1.75,2.02,1.77,1,0,H,11,13,0,3,0,0,19:45,H,2022/2023
2023-01-15,Sassuolo,Lazio,3.2,3.5,2.2,1.8,2.0,0.25,1.99,1.94,0,1,A,17,10,5,3,0,0,11:30,A,2022/2023
2023-01-15,Torino,Spezia,1.62,3.8,5.5,2.07,1.83,-0.75,1.85,2.08,0,1,A,13,12,3,3,0,0,14:00,A,2022/2023
2023-01-15,Udinese,Bologna,1.91,3.4,4.2,2.0,1.9,-0.5,1.98,1.92,1,0,H,10,17,1,3,0,0,14:00,A,2022/2023
2023-01-15,Atalanta,Salernitana,1.4,5.0,7.0,1.57,2.38,-1.25,1.84,2.09,5,1,H,10,12,1,0,0,0,17:00,H,2022/2023
2023-01-15,Roma,Fiorentina,1.95,3.5,4.0,2.0,1.8,-0.5,2.01,1.92,1,0,H,15,12,3,4,0,1,19:45,H,2022/2023
2023-01-16,Empoli,Sampdoria,2.2,3.2,3.5,2.2,1.67,-0.25,1.92,2.01,0,0,D,15,16,5,6,0,0,19:45,H,2022/2023
2023-01-21,Verona,Lecce,2.38,3.1,3.2,2.38,1.57,-0.25,2.02,1.88,1,0,H,15,12,3,0,0,0,14:00,H,2022/2023
2023-01-21,Salernitana,Napoli,9.5,5.75,1.29,1.53,2.5,1.5,2.0,1.9,0,1,A,14,15,2,2,0,0,17:00,A,2022/2023
2023-01-21,Fiorentina,Torino,2.1,3.3,3.6,2.2,1.67,-0.25,1.81,2.09,0,1,A,9,23,2,2,0,0,19:45,A,2022/2023
2023-01-22,Sampdoria,Udinese,3.6,3.25,2.15,2.1,1.73,0.25,2.04,1.86,0,0,D,15,17,3,1,0,0,11:30,A,2022/2023
2023-01-22,Monza,Sassuolo,2.2,3.4,3.3,1.8,2.0,-0.25,1.91,1.99,0,1,A,17,18,2,2,0,0,14:00,D,2022/2023
2023-01-22,Spezia,Roma,4.75,3.5,1.83,2.06,1.84,0.5,2.06,1.84,0,1,A,17,11,3,1,0,0,17:00,A,2022/2023
2023-01-22,Juventus,Atalanta,2.1,3.4,3.5,2.05,1.85,-0.25,1.85,2.05,2,1,H,9,6,1,2,0,0,19:45,D,2022/2023
2023-01-23,Bologna,Cremonese,1.91,3.4,4.33,2.1,1.73,-0.5,1.94,1.96,0,0,D,11,13,2,5,0,0,17:30,D,2022/2023
2023-01-23,Inter,Empoli,1.29,6.0,9.5,1.57,2.38,-1.5,1.77,2.02,0,0,D,13,16,4,3,1,0,19:45,A,2022/2023
2023-01-24,Lazio,Milan,3.2,3.4,2.25,1.92,1.98,0.25,1.91,1.99,2,0,H,14,11,1,2,0,0,19:45,H,2022/2023
2023-01-27,Bologna,Spezia,1.85,3.4,4.5,2.2,1.67,-0.5,1.87,2.03,1,0,H,8,16,2,2,0,0,17:30,H,2022/2023
2023-01-27,Lecce,Salernitana,1.8,3.4,4.75,2.2,1.67,-0.5,1.83,2.07,1,2,A,14,11,2,4,0,0,19:45,A,2022/2023
2023-01-28,Empoli,Torino,3.25,3.1,2.4,2.2,1.67,0.25,1.82,2.08,1,0,H,12,9,2,0,0,0,14:00,D,2022/2023
2023-01-28,Cremonese,Inter,6.5,4.33,1.5,1.67,2.2,1.0,2.08,1.82,1,1,D,7,12,0,2,0,0,17:00,A,2022/2023
2023-01-28,Atalanta,Sampdoria,1.33,5.25,9.0,1.67,2.2,-1.5,2.01,1.89,1,0,H,17,11,0,2,0,0,19:45,H,2022/2023
2023-01-29,Milan,Sassuolo,1.5,4.5,6.5,1.53,2.5,-1.25,2.07,1.83,1,3,A,13,8,7,4,0,0,11:30,A,2022/2023
2023-01-29,Juventus,Monza,1.55,4.0,6.5,1.96,1.94,-1.0,1.96,1.94,0,2,A,12,10,0,2,0,0,14:00,A,2022/2023
2023-01-29,Lazio,Fiorentina,2.1,3.4,3.6,2.04,1.86,-0.25,1.75,2.05,1,0,H,12,17,2,3,0,0,17:00,D,2022/2023
2023-01-29,Napoli,Roma,1.73,3.6,5.25,2.04,1.86,-0.75,1.98,1.92,1,0,H,8,14,1,2,0,0,19:45,H,2022/2023
2023-01-30,Udinese,Verona,1.8,3.75,4.33,1.98,1.92,-0.5,1.84,2.06,1,1,D,9,11,1,3,0,0,19:45,D,2022/2023
2023-02-04,Cremonese,Lecce,2.63,3.1,2.8,2.38,1.57,0.0,1.9,2.03,0,0,D,12,15,1,2,0,0,14:00,A,2022/2023
2023-02-04,Roma,Empoli,1.5,4.2,6.5,2.03,1.87,-1.0,1.89,2.04,2,0,H,10,18,2,1,0,0,17:00,H,2022/2023
2023-02-04,Sassuolo,Atalanta,3.75,3.6,1.91,1.57,2.38,0.5,1.95,1.98,0,0,D,12,13,5,1,0,2,19:45,H,2022/2023
2023-02-05,Spezia,Napoli,8.0,5.25,1.36,1.67,2.2,1.5,1.87,2.06,0,0,D,19,18,3,2,0,0,11:30,A,2022/2023
2023-02-05,Torino,Udinese,2.25,3.25,3.3,2.2,1.67,-0.25,2.01,1.92,0,0,D,13,8,1,1,0,0,14:00,H,2022/2023
2023-02-05,Fiorentina,Bologna,1.83,3.5,4.5,2.0,1.8,-0.5,1.86,2.07,1,1,D,10,25,2,4,0,0,17:00,A,2022/2023
2023-02-05,Inter,Milan,1.95,3.5,4.0,1.85,2.05,-0.5,2.01,1.92,1,0,H,13,14,2,5,0,0,19:45,H,2022/2023
2023-02-06,Verona,Lazio,3.6,3.6,2.0,2.0,1.8,0.5,1.87,2.06,0,1,A,16,12,4,1,0,0,17:30,D,2022/2023
2023-02-06,Monza,Sampdoria,1.8,3.5,4.75,2.1,1.73,-0.5,1.85,2.08,1,1,D,12,12,2,4,0,0,19:45,D,2022/2023
2023-02-07,Salernitana,Juventus,7.0,4.2,1.5,2.02,1.88,1.0,2.07,1.86,0,2,A,9,12,1,1,0,0,19:45,A,2022/2023
2023-02-10,Milan,Torino,1.8,3.5,4.75,2.2,1.67,-0.5,1.84,2.09,0,0,D,10,20,1,4,0,0,19:45,H,2022/2023
2023-02-11,Empoli,Spezia,2.0,3.5,3.75,2.0,1.8,-0.5,2.06,1.87,0,2,A,10,13,1,5,1,1,14:00,D,2022/2023
2023-02-11,Lecce,Roma,4.33,3.25,1.95,2.5,1.53,0.5,1.9,2.03,1,1,D,24,8,4,1,0,0,17:00,D,2022/2023
2023-02-11,Lazio,Atalanta,2.38,3.4,3.0,1.9,2.0,-0.25,2.09,1.84,0,1,A,12,14,1,2,0,0,19:45,A,2022/2023
2023-02-12,Udinese,Sassuolo,2.0,3.6,3.6,1.8,2.0,-0.5,2.08,1.85,2,2,D,12,8,2,2,0,0,11:30,D,2022/2023
2023-02-12,Bologna,Monza,2.2,3.2,3.5,2.1,1.73,-0.25,1.93,2.0,0,1,A,15,18,1,4,0,0,14:00,A,2022/2023
2023-02-12,Juventus,Fiorentina,1.83,3.5,4.5,2.07,1.83,-0.5,1.86,2.07,1,0,H,11,17,5,2,0,0,17:00,H,2022/2023
2023-02-12,Napoli,Cremonese,1.18,7.5,13.0,1.44,2.75,-2.0,1.96,1.97,1,0,H,7,7,0,2,0,0,19:45,H,2022/2023
2023-02-13,Verona,Salernitana,1.85,3.4,4.5,2.03,1.87,-0.5,1.86,2.07,1,0,H,14,21,2,3,0,0,17:30,H,2022/2023
2023-02-13,Sampdoria,Inter,7.0,4.5,1.44,1.88,2.02,1.25,1.9,2.03,0,0,D,13,11,3,1,0,0,19:45,D,2022/2023
2023-02-17,Sassuolo,Napoli,5.0,4.0,1.6,1.73,2.1,1.0,1.84,2.09,0,2,A,12,10,2,2,0,0,19:45,A,2022/2023
2023-02-18,Sampdoria,Bologna,3.25,3.1,2.38,2.3,1.62,0.25,1.85,2.05,0,1,A,13,13,3,1,0,0,14:00,A,2022/2023
2023-02-18,Monza,Milan,3.75,3.3,2.1,2.1,1.73,0.25,2.09,1.81,0,1,A,10,18,4,2,0,0,17:00,A,2022/2023
2023-02-18,Inter,Udinese,1.53,4.2,6.0,1.73,2.1,-1.0,1.89,2.01,1,1,D,15,14,2,2,0,0,19:45,H,2022/2023
2023-02-19,Atalanta,Lecce,1.5,4.0,7.0,1.88,2.02,-1.0,1.86,2.04,0,1,A,10,12,3,3,0,0,11:30,A,2022/2023
2023-02-19,Fiorentina,Empoli,1.6,4.0,5.75,1.87,2.03,-1.0,2.05,1.75,0,1,A,8,15,1,5,0,0,14:00,D,2022/2023
2023-02-19,Salernitana,Lazio,5.5,3.75,1.7,1.93,1.97,0.75,2.01,1.89,0,0,D,10,7,5,1,1,0,14:00,A,2022/2023
2023-02-19,Spezia,Juventus,6.0,3.75,1.62,2.07,1.83,0.75,2.02,1.77,0,1,A,8,9,2,2,0,0,17:00,A,2022/2023
2023-02-19,Roma,Verona,1.65,3.6,5.75,2.2,1.67,-0.75,1.87,2.03,1,0,H,15,19,1,2,0,0,19:45,H,2022/2023
2023-02-20,Torino,Cremonese,1.65,3.8,5.25,2.1,1.73,-0.75,1.87,2.03,1,0,H,9,12,3,1,0,0,19:45,D,2022/2023
2023-02-25,Empoli,Napoli,7.0,4.75,1.44,1.67,2.2,1.25,1.87,2.03,0,2,A,10,9,2,1,0,1,17:00,A,2022/2023
2023-02-25,Lecce,Sassuolo,2.45,3.25,2.9,2.1,1.73,0.0,1.8,2.1,0,0,D,17,7,2,2,0,0,19:45,A,2022/2023
2023-02-26,Bologna,Inter,5.5,3.75,1.7,2.03,1.87,0.75,1.94,1.96,0,0,D,7,14,1,2,0,0,11:30,H,2022/2023
2023-02-26,Salernitana,Monza,3.6,3.3,2.05,2.05,1.85,0.25,2.07,1.83,0,0,D,12,16,2,4,0,1,14:00,H,2022/2023
2023-02-26,Udinese,Spezia,1.62,3.8,5.75,1.88,2.02,-0.75,1.85,2.05,1,1,D,11,16,2,2,0,0,17:00,D,2022/2023
2023-02-26,Milan,Atalanta,2.15,3.4,3.4,1.94,1.96,-0.25,1.9,2.0,1,0,H,11,11,3,2,0,0,19:45,H,2022/2023
2023-02-27,Verona,Fiorentina,3.25,3.25,2.25,2.2,1.67,0.25,1.91,1.99,0,2,A,15,11,3,3,0,0,17:30,A,2022/2023
2023-02-27,Lazio,Sampdoria,1.44,4.33,8.0,1.99,1.91,-1.25,2.04,1.86,0,0,D,10,13,2,2,0,0,19:45,H,2022/2023
2023-02-28,Cremonese,Roma,5.25,3.4,1.75,2.38,1.57,0.75,1.85,2.08,1,0,H,17,11,3,2,0,0,17:30,H,2022/2023
2023-02-28,Juventus,Torino,1.73,3.4,5.5,2.5,1.53,-0.75,2.05,1.88,2,2,D,5,13,0,2,0,0,19:45,H,2022/2023
2023-03-03,Napoli,Lazio,1.65,3.8,5.25,1.95,1.95,-0.75,1.85,2.08,0,0,D,13,8,2,2,0,0,19:45,A,2022/2023
2023-03-04,Monza,Empoli,2.1,3.25,3.8,2.1,1.73,-0.5,2.1,1.8,1,0,H,10,12,2,3,0,0,14:00,H,2022/2023
2023-03-04,Atalanta,Udinese,1.62,4.0,5.5,1.73,2.1,-0.75,1.85,2.05,0,0,D,12,12,2,3,0,0,17:00,D,2022/2023
2023-03-04,Fiorentina,Milan,2.8,3.3,2.55,2.1,1.73,0.0,2.05,1.85,0,0,D,12,17,3,3,0,0,19:45,H,2022/2023
2023-03-05,Spezia,Verona,2.7,3.1,2.8,2.2,1.67,0.0,1.89,2.01,0,0,D,6,7,2,1,1,0,11:30,D,2022/2023
2023-03-05,Sampdoria,Salernitana,2.3,3.25,3.2,2.2,1.67,-0.25,2.02,1.88,0,0,D,18,13,3,4,0,0,14:00,D,2022/2023
2023-03-05,Inter,Lecce,1.36,4.75,9.5,1.94,1.96,-1.25,1.84,2.06,1,0,H,10,11,0,0,0,0,17:00,H,2022/2023
2023-03-05,Roma,Juventus,2.7,3.0,2.88,2.5,1.53,0.0,1.9,2.0,0,0,D,11,10,3,2,0,1,19:45,H,2022/2023
2023-03-06,Sassuolo,Cremonese,1.8,3.6,4.5,1.98,1.92,-0.5,1.85,2.05,2,0,H,11,9,1,4,0,0,17:30,H,2022/2023
2023-03-06,Torino,Bologna,2.4,2.9,3.4,2.38,1.57,-0.25,2.01,1.89,1,0,H,9,10,2,2,0,0,19:45,H,2022/2023
2023-03-10,Spezia,Inter,8.0,4.6,1.4,1.73,2.1,1.25,1.96,1.97,0,0,D,11,9,3,0,0,0,19:45,H,2022/2023
2023-03-11,Empoli,Udinese,3.0,3.25,2.4,2.03,1.9,0.25,1.81,2.13,0,0,D,12,13,2,4,0,0,14:00,A,2022/2023
2023-03-11,Napoli,Atalanta,1.67,4.0,5.0,1.8,2.0,-0.75,1.87,2.06,0,0,D,12,11,1,2,0,0,17:00,H,2022/2023
2023-03-11,Bologna,Lazio,3.1,3.1,2.38,2.3,1.62,0.25,1.83,2.1,0,0,D,11,8,2,3,0,0,19:45,D,2022/2023
2023-03-12,Lecce,Torino,3.0,3.0,2.63,2.75,1.44,0.0,2.07,1.86,0,2,A,16,17,3,3,0,0,11:30,A,2022/2023
2023-03-12,Cremonese,Fiorentina,4.33,3.6,1.85,2.03,1.9,0.5,2.05,1.88,0,1,A,10,17,1,2,0,0,14:00,A,2022/2023
2023-03-12,Verona,Monza,2.5,3.2,2.9,2.2,1.67,-0.25,2.08,1.73,0,0,D,17,12,2,0,0,0,14:00,D,2022/2023
2023-03-12,Roma,Sassuolo,1.67,3.6,5.5,2.08,1.85,-0.75,1.92,2.01,1,3,A,11,18,4,2,1,0,17:00,A,2022/2023
2023-03-12,Juventus,Sampdoria,1.33,4.75,10.0,2.05,1.88,-1.25,1.86,2.07,2,2,D,10,10,1,1,0,0,19:45,H,2022/2023
2023-03-13,Milan,Salernitana,1.25,6.0,11.0,1.67,2.2,-1.75,2.06,1.87,1,0,H,15,13,2,3,0,0,19:45,D,2022/2023
2023-03-17,Sassuolo,Spezia,1.7,3.75,4.5,1.73,2.1,-0.75,2.05,1.88,0,0,D,10,13,0,2,0,0,17:30,H,2022/2023
2023-03-17,Atalanta,Empoli,1.4,4.5,7.5,1.67,2.2,-1.25,1.97,1.96,0,1,A,11,10,3,2,0,0,19:45,H,2022/2023
2023-03-18,Monza,Cremonese,1.8,3.5,4.5,2.1,1.73,-0.5,1.83,2.07,0,0,D,12,12,3,5,0,0,14:00,D,2022/2023
2023-03-18,Salernitana,Bologna,3.4,3.25,2.2,2.2,1.67,0.25,1.97,1.93,1,1,D,8,16,0,1,0,0,17:00,D,2022/2023
2023-03-18,Udinese,Milan,3.5,3.4,2.15,2.01,1.89,0.25,2.02,1.88,2,1,H,16,9,4,2,0,0,19:45,H,2022/2023
2023-03-19,Sampdoria,Verona,2.88,3.1,2.45,2.38,1.57,0.0,2.13,1.78,2,0,H,10,11,3,2,0,0,11:30,H,2022/2023
2023-03-19,Fiorentina,Lecce,1.6,3.75,5.75,2.1,1.73,-0.75,1.82,2.08,1,0,H,14,21,1,3,0,0,14:00,H,2022/2023
2023-03-19,Torino,Napoli,4.33,3.6,1.75,2.2,1.67,0.75,1.83,2.07,0,2,A,14,14,1,1,0,0,14:00,A,2022/2023
2023-03-19,Lazio,Roma,2.75,3.0,2.75,2.63,1.5,0.0,1.98,1.92,0,0,D,18,13,4,4,1,2,17:00,H,2022/2023
2023-03-19,Inter,Juventus,1.91,3.4,4.0,2.1,1.73,-0.5,1.98,1.92,0,1,A,6,18,3,4,1,1,19:45,A,2022/2023
2023-04-01,Cremonese,Atalanta,5.5,3.8,1.67,1.84,2.06,0.75,2.04,1.86,0,1,A,13,10,3,2,0,0,14:00,A,2022/2023
2023-04-01,Inter,Fiorentina,1.75,3.8,4.5,1.8,2.0,-0.75,2.02,1.88,0,0,D,8,7,2,3,0,0,17:00,A,2022/2023
2023-04-01,Juventus,Verona,1.4,4.2,9.0,2.1,1.73,-1.25,2.05,1.85,0,0,D,14,22,1,2,0,0,19:45,H,2022/2023
2023-04-02,Bologna,Udinese,2.2,3.3,3.4,2.0,1.8,-0.25,1.96,1.94,2,0,H,17,10,1,1,0,0,11:30,H,2022/2023
2023-04-02,Monza,Lazio,3.8,3.3,2.05,2.3,1.62,0.5,1.82,2.08,0,1,A,13,8,5,2,0,0,14:00,A,2022/2023
2023-04-02,Spezia,Salernitana,2.3,3.3,3.2,2.1,1.73,-0.25,2.07,1.83,0,1,A,12,12,0,1,0,0,14:00,D,2022/2023
2023-04-02,Roma,Sampdoria,1.44,4.2,9.0,2.08,1.82,-1.25,2.06,1.84,0,0,D,11,13,3,5,0,1,17:00,H,2022/2023
2023-04-02,Napoli,Milan,1.73,3.6,5.0,2.06,1.84,-0.75,2.02,1.88,0,2,A,11,9,1,2,0,0,19:45,A,2022/2023
2023-04-03,Empoli,Lecce,2.45,3.1,3.1,2.38,1.57,-0.25,2.13,1.78,0,0,D,10,15,3,2,1,0,17:30,H,2022/2023
2023-04-03,Sassuolo,Torino,2.4,3.3,3.0,2.1,1.73,-0.25,2.09,1.81,1,0,H,12,9,1,1,0,0,19:45,D,2022/2023
2023-04-07,Salernitana,Inter,7.5,4.5,1.45,1.73,2.1,1.25,1.9,2.0,0,1,A,14,10,2,2,0,0,16:00,D,2022/2023
2023-04-07,Lecce,Napoli,5.75,3.6,1.65,2.2,1.67,0.75,2.02,1.88,0,1,A,12,9,2,1,0,0,18:00,A,2022/2023
2023-04-07,Milan,Empoli,1.36,4.75,9.0,1.8,2.0,-1.25,1.84,2.06,0,0,D,11,8,2,2,0,0,20:00,D,2022/2023
2023-04-08,Udinese,Monza,2.0,3.5,3.8,2.04,1.86,-0.5,2.08,1.82,1,0,H,12,21,1,3,0,0,11:30,D,2022/2023
2023-04-08,Fiorentina,Spezia,1.4,4.5,8.5,1.8,2.0,-1.25,1.98,1.92,1,1,D,12,29,0,7,0,0,13:30,D,2022/2023
2023-04-08,Atalanta,Bologna,1.65,3.8,5.5,2.02,1.88,-0.75,1.88,2.02,0,0,D,6,5,3,2,0,0,15:30,A,2022/2023
2023-04-08,Sampdoria,Cremonese,2.38,3.25,3.2,2.1,1.73,-0.25,2.02,1.88,1,1,D,14,15,2,3,0,0,15:30,A,2022/2023
2023-04-08,Torino,Roma,3.4,3.0,2.38,2.75,1.44,0.25,1.86,2.04,0,1,A,10,6,3,1,0,0,17:30,A,2022/2023
2023-04-08,Verona,Sassuolo,2.63,3.3,2.7,2.04,1.86,0.0,1.92,1.98,0,1,A,12,14,3,4,0,0,17:30,H,2022/2023
2023-04-08,Lazio,Juventus,2.75,2.9,2.9,2.63,1.5,0.0,1.89,2.01,1,1,D,11,15,2,5,0,0,19:45,H,2022/2023
2023-04-14,Cremonese,Empoli,2.45,3.3,2.88,2.0,1.8,0.0,1.77,2.17,1,0,H,11,9,1,0,0,0,17:30,H,2022/2023
2023-04-14,Spezia,Lazio,5.25,3.6,1.7,2.1,1.73,0.75,1.93,2.0,0,1,A,12,7,3,4,1,0,19:45,A,2022/2023
2023-04-15,Bologna,Milan,3.1,3.1,2.45,2.3,1.62,0.25,1.78,2.13,1,1,D,12,17,3,4,0,0,14:00,D,2022/2023
2023-04-15,Napoli,Verona,1.53,4.0,6.5,2.03,1.87,-1.0,1.94,1.96,0,0,D,11,16,1,4,0,0,17:00,D,2022/2023
2023-04-15,Inter,Monza,1.44,4.5,7.5,1.8,2.0,-1.25,2.04,1.86,0,0,D,13,4,2,2,0,0,19:45,A,2022/2023
2023-04-16,Lecce,Sampdoria,1.95,3.2,4.33,2.38,1.57,-0.5,1.97,1.93,1,0,H,16,12,1,4,0,0,11:30,D,2022/2023
2023-04-16,Torino,Salernitana,1.73,3.5,5.25,2.2,1.67,-0.75,1.96,1.94,0,1,A,14,14,0,1,0,0,14:00,D,2022/2023
2023-04-16,Sassuolo,Juventus,3.8,3.5,2.0,2.06,1.84,0.5,1.83,2.07,0,0,D,10,5,0,1,0,0,17:00,H,2022/2023
2023-04-16,Roma,Udinese,1.85,3.4,4.5,2.3,1.62,-0.5,1.89,2.01,1,0,H,18,11,1,4,0,0,19:45,H,2022/2023
2023-04-17,Fiorentina,Atalanta,2.4,3.4,2.9,1.89,2.01,-0.25,2.09,1.81,0,1,A,8,20,1,3,0,0,19:45,D,2022/2023
2023-04-21,Verona,Bologna,2.75,3.0,2.8,2.75,1.44,0.0,1.92,2.01,1,0,H,11,11,2,4,0,0,19:45,H,2022/2023
2023-04-22,Salernitana,Sassuolo,3.1,3.5,2.25,1.9,2.0,0.25,1.89,2.01,2,0,H,11,15,1,2,0,0,14:00,H,2022/2023
2023-04-22,Lazio,Torino,1.83,3.4,4.75,2.63,1.5,-0.5,1.85,2.05,0,1,A,13,13,2,4,0,0,17:00,A,2022/2023
2023-04-22,Sampdoria,Spezia,2.55,3.2,2.88,2.1,1.73,0.0,1.82,2.08,1,0,H,9,11,1,1,0,0,19:45,D,2022/2023
2023-04-23,Empoli,Inter,6.5,4.2,1.53,1.8,2.0,1.0,2.01,1.89,0,0,D,6,13,1,1,0,0,11:30,A,2022/2023
2023-04-23,Monza,Fiorentina,3.7,3.4,2.05,2.0,1.8,0.25,2.06,1.84,2,2,D,18,15,3,3,0,0,14:00,H,2022/2023
2023-04-23,Udinese,Cremonese,1.7,3.8,5.0,1.88,2.02,-0.75,1.96,1.94,3,0,H,13,11,2,3,0,0,14:00,H,2022/2023
2023-04-23,Milan,Lecce,1.5,4.2,7.0,2.1,1.73,-1.0,1.88,2.02,1,0,H,6,10,1,0,0,0,17:00,H,2022/2023
2023-04-23,Juventus,Napoli,2.88,3.1,2.6,2.2,1.67,0.0,2.03,1.87,0,0,D,15,11,4,1,0,0,19:45,A,2022/2023
2023-04-24,Atalanta,Roma,2.3,3.25,3.2,2.2,1.67,-0.25,2.02,1.88,1,0,H,15,11,3,1,0,0,19:45,H,2022/2023
2023-04-28,Lecce,Udinese,2.45,3.0,3.2,2.5,1.53,-0.25,2.1,1.8,0,0,D,21,12,4,2,0,0,17:30,H,2022/2023
2023-04-28,Spezia,Monza,2.8,3.3,2.55,2.1,1.73,0.0,2.01,1.89,0,1,A,10,16,1,2,0,0,19:45,A,2022/2023
2023-04-29,Roma,Milan,2.75,3.0,2.75,2.5,1.53,0.0,1.94,1.96,0,0,D,9,6,3,2,0,0,17:00,D,2022/2023
2023-04-29,Torino,Atalanta,2.88,3.3,2.45,2.0,1.8,0.25,1.73,2.08,0,1,A,6,10,1,1,0,0,19:45,A,2022/2023
2023-04-30,Inter,Lazio,1.8,3.6,4.5,2.0,1.8,-0.75,2.06,1.84,0,1,A,13,14,2,3,0,0,11:30,H,2022/2023
2023-04-30,Cremonese,Verona,3.0,3.3,2.45,2.2,1.67,0.25,1.79,2.11,1,0,H,10,16,0,0,1,0,14:00,D,2022/2023
2023-04-30,Napoli,Salernitana,1.22,6.5,12.0,1.62,2.3,-1.75,1.87,2.03,0,0,D,13,11,2,2,0,0,14:00,D,2022/2023
2023-04-30,Sassuolo,Empoli,1.75,3.8,4.5,1.73,2.1,-0.75,1.98,1.92,0,1,A,12,10,2,1,1,0,14:00,H,2022/2023
2023-04-30,Fiorentina,Sampdoria,1.33,5.25,9.0,1.62,2.3,-1.5,1.94,1.96,1,0,H,14,9,2,1,0,0,17:00,H,2022/2023
2023-04-30,Bologna,Juventus,3.4,3.3,2.2,2.38,1.57,0.25,1.99,1.91,1,0,H,12,9,2,2,0,0,19:45,D,2022/2023
2023-05-03,Atalanta,Spezia,1.36,5.0,8.0,1.67,2.2,-1.25,1.87,2.03,1,1,D,8,10,0,3,0,0,17:00,H,2022/2023
2023-05-03,Juventus,Lecce,1.6,3.8,6.0,2.2,1.67,-1.0,2.11,1.79,2,1,H,11,10,2,2,0,0,17:00,H,2022/2023
2023-05-03,Salernitana,Fiorentina,4.75,3.75,1.73,1.93,1.97,0.75,1.88,2.02,1,1,D,18,15,3,5,0,0,17:00,D,2022/2023
2023-05-03,Sampdoria,Torino,4.2,3.4,1.91,2.2,1.67,0.5,2.0,1.9,0,1,A,13,11,3,2,1,0,17:00,A,2022/2023
2023-05-03,Lazio,Sassuolo,1.67,4.0,5.0,1.87,2.03,-0.75,1.85,2.05,1,0,H,13,13,3,5,0,0,20:00,H,2022/2023
2023-05-03,Milan,Cremonese,1.33,5.0,9.5,1.85,2.05,-1.5,1.97,1.93,0,0,D,12,12,0,3,0,1,20:00,D,2022/2023
2023-05-03,Monza,Roma,3.75,3.1,2.15,2.5,1.53,0.25,2.03,1.87,1,1,D,13,15,3,4,0,1,20:00,D,2022/2023
2023-05-03,Verona,Inter,5.5,3.75,1.67,2.1,1.73,0.75,2.02,1.88,0,3,A,4,11,0,0,0,0,20:00,A,2022/2023
2023-05-04,Empoli,Bologna,2.9,3.2,2.55,2.3,1.62,0.0,2.1,1.8,2,0,H,15,16,3,0,0,0,19:45,H,2022/2023
2023-05-04,Udinese,Napoli,4.75,3.6,1.75,1.92,1.98,0.75,1.89,2.01,1,0,H,15,13,1,0,0,0,19:45,D,2022/2023
2023-05-06,Milan,Lazio,1.95,3.4,4.0,2.2,1.67,-0.5,1.95,1.95,2,0,H,10,8,2,4,0,0,14:00,H,2022/2023
2023-05-06,Roma,Inter,3.1,3.1,2.45,2.3,1.62,0.25,1.81,2.09,0,1,A,8,12,3,2,0,0,17:00,A,2022/2023
2023-05-06,Cremonese,Spezia,2.35,3.4,3.0,2.06,1.84,-0.25,2.03,1.87,1,0,H,9,6,0,2,0,0,19:45,H,2022/2023
2023-05-07,Atalanta,Juventus,2.3,3.4,3.1,2.1,1.73,-0.25,2.08,1.82,0,0,D,13,16,1,2,0,0,11:30,A,2022/2023
2023-05-07,Torino,Monza,2.0,3.3,4.0,2.3,1.62,-0.5,1.98,1.92,0,0,D,16,9,2,1,0,0,14:00,D,2022/2023
2023-05-07,Napoli,Fiorentina,1.8,3.8,4.33,1.73,2.1,-0.5,1.75,2.05,0,0,D,12,15,0,0,0,0,17:00,H,2022/2023
2023-05-07,Lecce,Verona,2.2,3.0,3.75,2.5,1.53,-0.25,1.88,2.02,0,0,D,11,13,2,5,0,0,19:45,A,2022/2023
2023-05-08,Empoli,Salernitana,2.2,3.1,3.6,2.1,1.73,-0.25,1.87,2.03,1,0,H,10,18,2,2,0,0,17:30,H,2022/2023
2023-05-08,Udinese,Sampdoria,1.5,4.33,6.5,1.86,2.04,-1.0,1.9,2.0,2,0,H,15,12,2,2,0,0,17:30,H,2022/2023
2023-05-08,Sassuolo,Bologna,2.3,3.5,3.0,1.88,2.02,-0.25,2.05,1.85,1,1,D,12,14,1,1,0,0,19:45,D,2022/2023
2023-05-12,Lazio,Lecce,1.7,3.5,5.5,2.3,1.62,-0.75,1.94,1.96,1,1,D,11,13,3,5,0,0,19:45,D,2022/2023
2023-05-13,Salernitana,Atalanta,4.75,4.2,1.65,1.67,2.2,0.75,2.03,1.87,0,0,D,9,18,2,2,0,0,14:00,H,2022/2023
2023-05-13,Spezia,Milan,4.2,3.5,1.91,2.03,1.87,0.5,1.96,1.94,0,0,D,15,11,1,1,0,0,17:00,H,2022/2023
2023-05-13,Inter,Sassuolo,1.4,5.0,7.0,1.53,2.5,-1.25,1.89,2.01,1,0,H,12,8,2,3,0,0,19:45,H,2022/2023
2023-05-14,Verona,Torino,2.4,3.1,3.2,2.63,1.5,-0.25,2.03,1.87,0,1,A,8,17,3,2,0,0,11:30,A,2022/2023
2023-05-14,Fiorentina,Udinese,1.95,3.6,3.8,1.92,1.98,-0.5,2.0,1.9,1,0,H,15,15,3,3,1,1,14:00,H,2022/2023
2023-05-14,Monza,Napoli,4.75,3.75,1.73,1.92,1.98,0.75,1.94,1.96,1,0,H,11,13,1,1,0,0,14:00,H,2022/2023
2023-05-14,Bologna,Roma,3.1,3.1,2.45,2.5,1.53,0.25,1.81,2.09,0,0,D,12,11,2,1,0,0,17:00,D,2022/2023
2023-05-14,Juventus,Cremonese,1.36,4.75,9.0,1.8,2.0,-1.5,2.02,1.77,0,0,D,15,5,2,0,0,0,19:45,H,2022/2023
2023-05-15,Sampdoria,Empoli,3.2,3.3,2.3,1.97,1.93,0.25,1.97,1.93,1,0,H,16,14,3,4,0,0,19:45,D,2022/2023
2023-05-19,Sassuolo,Monza,2.15,3.6,3.2,1.73,2.1,-0.25,1.91,1.99,1,0,H,10,17,2,5,1,0,19:45,A,2022/2023
2023-05-20,Cremonese,Bologna,2.88,3.4,2.4,2.07,1.83,0.25,1.8,2.1,0,3,A,7,13,1,2,0,1,14:00,A,2022/2023
2023-05-20,Atalanta,Verona,1.53,4.2,6.0,1.86,2.04,-1.0,1.97,1.93,1,1,D,9,11,1,3,0,0,17:00,H,2022/2023
2023-05-20,Milan,Sampdoria,1.17,7.5,17.0,1.57,2.38,-2.0,2.02,1.88,3,1,H,9,10,1,3,0,0,19:45,H,2022/2023
2023-05-21,Lecce,Spezia,2.2,3.1,3.6,2.3,1.62,-0.25,1.89,2.01,0,0,D,15,16,2,3,0,0,11:30,D,2022/2023
2023-05-21,Torino,Fiorentina,1.95,3.4,4.2,2.2,1.67,-0.5,1.99,1.91,0,0,D,9,11,1,2,0,0,14:00,D,2022/2023
2023-05-21,Napoli,Inter,2.9,3.3,2.45,2.0,1.9,0.0,2.02,1.88,0,0,D,10,14,1,2,0,1,17:00,H,2022/2023
2023-05-21,Udinese,Lazio,3.8,3.4,2.0,2.02,1.88,0.5,1.87,2.03,0,0,D,15,9,3,1,0,0,19:45,A,2022/2023
2023-05-22,Roma,Salernitana,1.45,4.2,7.5,2.01,1.89,-1.0,1.83,2.07,0,1,A,9,14,1,4,0,0,17:30,D,2022/2023
2023-05-22,Empoli,Juventus,5.5,3.75,1.65,1.99,1.91,0.75,2.0,1.9,2,0,H,20,19,2,2,0,0,19:45,H,2022/2023
2023-05-26,Sampdoria,Sassuolo,3.8,4.1,1.83,1.62,2.3,0.5,2.04,1.86,1,2,A,14,10,1,2,0,0,19:45,D,2022/2023
2023-05-27,Salernitana,Udinese,2.7,3.5,2.55,1.84,2.06,0.0,2.01,1.89,1,2,A,12,22,3,3,0,1,14:00,H,2022/2023
2023-05-27,Spezia,Torino,2.38,3.25,3.1,2.2,1.67,-0.25,2.05,1.85,0,1,A,14,13,2,2,0,0,14:00,A,2022/2023
2023-05-27,Fiorentina,Roma,2.05,3.5,3.6,2.2,1.67,-0.25,1.75,2.05,0,1,A,11,12,5,3,0,0,17:00,H,2022/2023
2023-05-27,Inter,Atalanta,1.83,3.8,4.0,1.73,2.1,-0.75,2.02,1.77,2,1,H,8,18,0,1,0,0,19:45,H,2022/2023
2023-05-28,Verona,Empoli,1.7,3.8,5.0,2.0,1.9,-0.75,1.91,1.99,0,0,D,14,10,4,0,0,0,11:30,D,2022/2023
2023-05-28,Bologna,Napoli,3.4,3.3,2.2,2.0,1.9,0.25,1.99,1.91,0,1,A,17,10,1,3,0,0,14:00,D,2022/2023
2023-05-28,Monza,Lecce,2.45,3.3,2.9,2.3,1.62,-0.25,2.08,1.73,0,0,D,11,20,2,3,0,0,14:00,A,2022/2023
2023-05-28,Lazio,Cremonese,1.22,6.5,12.0,1.53,2.5,-1.75,1.87,2.03,2,0,H,15,8,2,2,1,0,17:00,H,2022/2023
2023-05-28,Juventus,Milan,2.3,3.4,3.1,2.1,1.73,-0.25,2.05,1.85,0,1,A,12,10,1,2,0,0,19:45,A,2022/2023
2023-06-02,Sassuolo,Fiorentina,2.6,3.75,2.5,1.44,2.75,0.0,1.96,1.97,0,0,D,7,15,4,4,2,0,19:30,A,2022/2023
2023-06-03,Torino,Inter,2.3,3.5,3.0,2.05,1.88,-0.25,2.07,1.86,0,1,A,6,7,1,2,0,0,17:30,A,2022/2023
2023-06-03,Cremonese,Salernitana,2.6,3.6,2.5,1.57,2.38,0.0,2.0,1.93,1,0,H,15,12,1,2,0,0,20:00,H,2022/2023
2023-06-03,Empoli,Lazio,3.25,3.75,2.1,1.73,2.1,0.25,2.0,1.8,0,0,D,7,10,3,2,1,0,20:00,A,2022/2023
2023-06-04,Napoli,Sampdoria,1.18,7.0,13.0,1.36,3.2,-2.0,1.89,2.04,0,0,D,7,7,0,1,0,0,17:30,H,2022/2023
2023-06-04,Atalanta,Monza,1.57,4.5,5.0,1.53,2.5,-1.0,1.99,1.94,2,0,H,13,8,1,2,0,1,20:00,H,2022/2023
2023-06-04,Lecce,Bologna,2.75,3.5,2.45,1.99,1.94,0.0,2.04,1.89,1,0,H,11,9,1,3,0,0,20:00,A,2022/2023
2023-06-04,Milan,Verona,1.73,4.0,4.5,1.94,1.99,-0.75,2.04,1.89,1,0,H,5,18,1,4,0,0,20:00,H,2022/2023
2023-06-04,Roma,Spezia,1.95,3.6,3.8,2.01,1.92,-0.5,2.01,1.92,1,1,D,14,17,2,8,0,1,20:00,H,2022/2023
2023-06-04,Udinese,Juventus,3.8,3.5,1.95,1.97,1.96,0.5,1.91,2.02,0,0,D,9,11,2,2,0,0,20:00,A,2022/2023
2023-08-19,Empoli,Verona,2.25,3.2,3.3,2.1,1.73,-0.25,1.97,1.93,0,0,D,17,18,2,2,0,0,17:30,A,2023/2024
2023-08-19,Frosinone,Napoli,8.5,5.0,1.36,1.67,2.2,1.5,1.84,2.06,1,2,A,14,17,3,3,0,0,17:30,A,2023/2024
2023-08-19,Genoa,Fiorentina,3.4,3.25,2.2,2.1,1.73,0.25,2.0,1.9,0,3,A,14,13,2,3,0,0,19:45,A,2023/2024
2023-08-19,Inter,Monza,1.4,5.0,7.0,1.57,2.38,-1.25,1.83,2.07,1,0,H,8,13,1,1,0,0,19:45,H,2023/2024
2023-08-20,Roma,Salernitana,1.53,4.0,6.5,2.1,1.73,-1.0,1.93,1.97,1,1,D,12,9,0,4,0,0,17:30,D,2023/2024
2023-08-20,Sassuolo,Atalanta,3.5,3.4,2.1,1.62,2.3,0.25,2.03,1.87,0,0,D,9,13,0,0,0,0,17:30,A,2023/2024
2023-08-20,Lecce,Lazio,3.6,3.3,2.1,2.2,1.67,0.25,2.09,1.81,0,1,A,12,16,3,2,0,0,19:45,H,2023/2024
2023-08-20,Udinese,Juventus,4.33,3.6,1.83,2.1,1.73,0.5,2.05,1.85,0,3,A,12,10,1,3,0,0,19:45,A,2023/2024
2023-08-21,Torino,Cagliari,1.67,3.75,5.25,2.1,1.73,-0.75,1.88,2.02,0,0,D,8,12,1,1,0,0,17:30,D,2023/2024
2023-08-21,Bologna,Milan,4.0,3.4,1.95,2.0,1.8,0.5,1.89,2.01,0,2,A,10,4,2,2,0,0,19:45,A,2023/2024
2023-08-26,Frosinone,Atalanta,5.0,4.0,1.67,1.67,2.2,0.75,2.04,1.86,2,0,H,10,10,1,2,0,0,17:30,H,2023/2024
2023-08-26,Monza,Empoli,1.91,3.5,4.2,2.07,1.83,-0.5,1.95,1.95,1,0,H,14,7,1,2,0,0,17:30,H,2023/2024
2023-08-26,Milan,Torino,1.65,3.8,5.0,2.2,1.67,-0.75,1.88,2.02,3,1,H,13,16,2,3,0,0,19:45,H,2023/2024
2023-08-26,Verona,Roma,4.33,3.5,1.83,2.3,1.62,0.5,2.03,1.87,2,0,H,17,12,1,3,1,0,19:45,H,2023/2024
2023-08-27,Fiorentina,Lecce,1.57,4.2,5.75,2.1,1.73,-1.0,2.08,1.82,2,0,H,13,12,1,3,0,0,17:30,D,2023/2024
2023-08-27,Juventus,Bologna,1.5,4.5,6.0,1.93,1.97,-1.0,1.83,2.07,0,1,A,14,13,2,1,0,0,17:30,D,2023/2024
2023-08-27,Lazio,Genoa,1.55,4.0,6.0,2.06,1.84,-1.0,2.04,1.86,0,1,A,9,16,4,2,0,0,19:45,A,2023/2024
2023-08-27,Napoli,Sassuolo,1.33,5.5,8.5,1.44,2.75,-1.5,1.92,1.98,1,0,H,9,10,0,1,0,1,19:45,H,2023/2024
2023-08-28,Salernitana,Udinese,2.7,3.2,2.63,2.03,1.87,0.0,2.0,1.9,0,0,D,12,19,4,4,0,0,17:30,D,2023/2024
2023-08-28,Cagliari,Inter,7.5,4.5,1.44,1.73,2.1,1.25,1.87,2.03,0,2,A,9,10,1,1,0,0,19:45,A,2023/2024
2023-09-01,Sassuolo,Verona,2.0,3.6,3.75,1.85,2.05,-0.5,2.03,1.9,1,0,H,8,13,1,3,0,0,17:30,H,2023/2024
2023-09-01,Roma,Milan,2.8,3.1,2.63,2.3,1.62,0.0,2.02,1.91,0,1,A,14,15,2,4,0,1,19:45,A,2023/2024
2023-09-02,Bologna,Cagliari,1.7,3.75,5.0,2.0,1.9,-0.75,1.95,1.98,0,1,A,9,13,1,2,0,0,17:30,H,2023/2024
2023-09-02,Udinese,Frosinone,1.8,3.6,4.5,1.99,1.91,-0.75,2.09,1.84,0,0,D,14,9,2,2,0,0,17:30,D,2023/2024
2023-09-02,Atalanta,Monza,1.62,4.0,5.25,1.73,2.1,-1.0,2.05,1.75,2,0,H,11,9,0,3,0,0,19:45,H,2023/2024
2023-09-02,Napoli,Lazio,1.62,4.0,5.5,1.86,2.04,-0.75,1.8,2.14,1,1,D,8,9,1,2,0,0,19:45,A,2023/2024
2023-09-03,Inter,Fiorentina,1.65,3.8,5.25,1.8,2.0,-0.75,1.85,2.08,1,0,H,13,12,1,1,0,0,17:30,H,2023/2024
2023-09-03,Torino,Genoa,2.0,3.3,4.0,2.38,1.57,-0.5,2.08,1.85,0,0,D,13,7,2,5,0,0,17:30,H,2023/2024
2023-09-03,Empoli,Juventus,5.25,3.8,1.67,1.94,1.96,0.75,2.03,1.9,0,1,A,14,13,3,3,0,0,19:45,A,2023/2024
2023-09-03,Lecce,Salernitana,2.0,3.3,4.0,2.2,1.67,-0.5,2.05,1.88,1,0,H,17,15,3,3,0,0,19:45,H,2023/2024
2023-09-16,Juventus,Lazio,1.91,3.4,4.33,2.1,1.73,-0.5,1.93,1.97,2,0,H,13,13,5,1,0,0,14:00,H,2023/2024
2023-09-16,Inter,Milan,2.15,3.5,3.4,1.9,2.0,-0.25,1.85,2.05,2,0,H,16,13,2,2,0,0,17:00,H,2023/2024
2023-09-16,Genoa,Napoli,5.5,3.8,1.67,1.8,2.0,0.75,2.06,1.84,1,0,H,14,8,3,2,0,0,19:45,D,2023/2024
2023-09-17,Cagliari,Udinese,2.88,3.3,2.5,2.1,1.73,0.0,2.06,1.84,0,0,D,12,11,2,1,1,0,11:30,D,2023/2024
2023-09-17,Frosinone,Sassuolo,2.8,3.4,2.5,1.86,2.04,0.0,2.05,1.85,1,2,A,10,9,4,2,0,0,14:00,H,2023/2024
2023-09-17,Monza,Lecce,2.1,3.4,3.5,2.1,1.73,-0.25,1.82,2.08,1,1,D,17,11,6,1,1,1,14:00,D,2023/2024
2023-09-17,Fiorentina,Atalanta,2.38,3.5,2.88,1.8,2.0,0.0,1.83,2.07,2,1,H,8,14,1,2,0,0,17:00,H,2023/2024
2023-09-17,Roma,Empoli,1.44,4.5,7.5,1.95,1.95,-1.25,2.04,1.86,3,0,H,15,5,2,2,0,0,19:45,H,2023/2024
2023-09-18,Salernitana,Torino,3.6,3.25,2.2,2.2,1.67,0.25,2.02,1.88,0,2,A,12,16,2,2,0,0,17:30,A,2023/2024
2023-09-18,Verona,Bologna,3.1,3.3,2.38,2.1,1.73,0.25,1.88,2.02,0,0,D,18,10,4,2,0,0,19:45,D,2023/2024
2023-09-22,Salernitana,Frosinone,2.5,3.2,2.9,2.1,1.73,0.0,1.82,2.11,0,1,A,12,12,2,2,0,0,17:30,D,2023/2024
2023-09-22,Lecce,Genoa,2.45,3.2,3.1,2.3,1.62,-0.25,2.13,1.81,0,0,D,12,10,1,3,0,1,19:45,H,2023/2024
2023-09-23,Milan,Verona,1.36,4.75,9.0,1.73,2.1,-1.25,1.89,2.01,1,0,H,13,9,4,2,0,0,14:00,H,2023/2024
2023-09-23,Sassuolo,Juventus,4.0,4.0,1.8,1.73,2.1,0.75,1.85,2.05,2,1,H,13,8,4,2,0,0,17:00,H,2023/2024
2023-09-23,Lazio,Monza,1.8,3.8,4.2,1.9,2.0,-0.75,2.02,1.88,1,1,D,13,7,2,2,0,0,19:45,D,2023/2024
2023-09-24,Empoli,Inter,9.0,5.25,1.33,1.57,2.38,1.5,1.91,1.99,0,0,D,15,11,2,2,0,0,11:30,A,2023/2024
2023-09-24,Atalanta,Cagliari,1.4,5.0,8.0,1.67,2.2,-1.25,1.9,2.0,1,0,H,6,11,1,2,0,0,14:00,H,2023/2024
2023-09-24,Udinese,Fiorentina,3.2,3.5,2.25,1.99,1.91,0.25,1.88,2.02,0,1,A,13,11,0,1,0,0,14:00,A,2023/2024
2023-09-24,Bologna,Napoli,3.75,3.6,1.91,1.85,2.05,0.5,1.89,2.01,0,0,D,16,12,4,5,0,0,17:00,D,2023/2024
2023-09-24,Torino,Roma,3.1,2.9,2.6,2.63,1.5,0.25,1.7,2.1,0,0,D,4,5,0,2,0,0,19:45,D,2023/2024
2023-09-26,Juventus,Lecce,1.5,4.2,7.0,1.96,1.94,-1.0,1.87,2.03,0,0,D,14,15,2,5,0,1,19:45,H,2023/2024
2023-09-27,Cagliari,Milan,5.25,3.8,1.67,1.99,1.91,0.75,2.04,1.86,1,2,A,13,6,3,1,0,0,17:30,A,2023/2024
2023-09-27,Empoli,Salernitana,2.3,3.3,3.2,2.0,1.8,-0.25,2.05,1.85,1,0,H,18,13,2,1,0,0,17:30,H,2023/2024
2023-09-27,Verona,Atalanta,4.2,3.75,1.83,1.96,1.94,0.5,2.07,1.83,0,1,A,10,25,2,3,0,0,17:30,A,2023/2024
2023-09-27,Inter,Sassuolo,1.33,5.5,8.0,1.4,3.0,-1.5,1.9,2.0,1,0,H,10,8,0,1,0,0,19:45,A,2023/2024
2023-09-27,Lazio,Torino,2.15,3.25,3.5,2.2,1.67,-0.25,1.86,2.04,0,0,D,12,13,1,4,0,0,19:45,H,2023/2024
2023-09-27,Napoli,Udinese,1.36,5.0,8.5,1.67,2.2,-1.25,1.86,2.04,2,0,H,11,10,1,1,0,0,19:45,H,2023/2024
2023-09-28,Frosinone,Fiorentina,3.75,3.6,1.95,1.87,2.03,0.5,1.87,2.03,0,1,A,6,11,3,3,0,0,17:30,D,2023/2024
2023-09-28,Monza,Bologna,2.38,3.3,3.0,2.04,1.86,-0.25,2.09,1.81,0,0,D,9,13,5,3,0,1,17:30,D,2023/2024
2023-09-28,Genoa,Roma,3.8,3.25,2.05,2.3,1.62,0.25,2.05,1.75,2,1,H,7,12,4,3,0,0,19:45,H,2023/2024
2023-09-30,Lecce,Napoli,4.75,3.8,1.75,2.01,1.89,0.75,1.92,1.98,0,1,A,11,11,3,2,0,0,14:00,A,2023/2024
2023-09-30,Milan,Lazio,1.73,3.6,5.0,2.06,1.84,-0.75,2.01,1.89,0,0,D,15,5,3,2,0,0,17:00,H,2023/2024
2023-09-30,Salernitana,Inter,8.0,4.75,1.4,1.67,2.15,1.25,1.97,1.93,0,0,D,12,10,2,1,0,0,19:45,A,2023/2024
2023-10-01,Bologna,Empoli,1.62,4.0,5.5,1.9,2.0,-0.75,1.84,2.06,1,0,H,11,16,2,4,0,0,11:30,H,2023/2024
2023-10-01,Udinese,Genoa,2.38,3.1,3.2,2.3,1.6,-0.25,2.06,1.84,1,2,A,12,12,2,2,1,0,14:00,D,2023/2024
2023-10-01,Atalanta,Juventus,2.5,3.4,2.8,1.93,1.97,0.0,1.84,2.06,0,0,D,13,7,1,2,0,0,17:00,D,2023/2024
2023-10-01,Roma,Frosinone,1.44,4.2,8.0,1.94,1.96,-1.25,2.09,1.81,1,0,H,12,11,1,2,0,0,19:45,H,2023/2024
2023-10-02,Sassuolo,Monza,2.25,3.75,2.88,1.57,2.35,-0.25,1.94,1.96,0,0,D,8,10,0,0,0,0,17:30,A,2023/2024
2023-10-02,Torino,Verona,1.85,3.5,4.33,2.3,1.6,-0.5,1.89,2.01,0,0,D,6,11,1,1,0,0,17:30,D,2023/2024
2023-10-02,Fiorentina,Cagliari,1.5,4.2,7.0,1.88,2.02,-1.0,1.75,2.05,2,0,H,10,10,1,1,0,0,19:45,H,2023/2024
2023-10-06,Empoli,Udinese,3.1,3.25,2.38,2.0,1.9,0.25,1.85,2.05,0,0,D,11,15,1,2,0,0,17:30,D,2023/2024
2023-10-06,Lecce,Sassuolo,2.55,3.4,2.7,1.8,2.0,0.0,1.88,2.02,0,1,A,9,15,2,3,0,0,19:45,D,2023/2024
2023-10-07,Inter,Bologna,1.36,5.5,7.5,1.6,2.3,-1.25,1.86,2.04,2,1,H,11,9,2,3,0,0,14:00,D,2023/2024
2023-10-07,Juventus,Torino,1.91,3.3,4.33,2.35,1.57,-0.5,1.95,1.95,0,0,D,10,8,1,1,0,0,17:00,H,2023/2024
2023-10-07,Genoa,Milan,4.2,3.5,1.91,2.05,1.75,0.5,1.94,1.96,0,0,D,10,13,3,5,1,1,19:45,A,2023/2024
2023-10-08,Monza,Salernitana,1.7,3.8,5.0,1.88,2.02,-0.75,1.87,2.03,2,0,H,8,16,1,2,0,0,11:30,H,2023/2024
2023-10-08,Frosinone,Verona,2.35,3.3,3.1,2.1,1.7,-0.25,2.06,1.84,1,0,H,9,12,1,4,0,0,14:00,H,2023/2024
2023-10-08,Lazio,Atalanta,2.7,3.3,2.63,2.03,1.87,0.0,2.03,1.87,2,1,H,7,10,1,1,0,0,14:00,H,2023/2024
2023-10-08,Cagliari,Roma,4.75,3.3,1.83,2.25,1.62,0.5,2.05,1.85,0,2,A,15,13,2,3,0,0,17:00,A,2023/2024
2023-10-08,Napoli,Fiorentina,1.6,4.2,5.5,1.62,2.25,-1.0,2.05,1.85,1,1,D,4,14,2,4,0,0,19:45,A,2023/2024
2023-10-21,Verona,Napoli,5.5,3.75,1.65,1.91,1.99,0.75,2.07,1.83,0,2,A,12,9,3,2,0,0,14:00,A,2023/2024
2023-10-21,Torino,Inter,5.5,3.6,1.7,2.06,1.84,0.75,1.93,1.97,0,0,D,13,8,1,2,0,0,17:00,A,2023/2024
2023-10-21,Sassuolo,Lazio,2.7,3.5,2.5,1.62,2.25,0.0,2.04,1.86,0,2,A,6,10,1,5,0,0,19:45,A,2023/2024
2023-10-22,Roma,Monza,1.7,3.6,5.25,1.95,1.95,-0.75,1.96,1.94,0,0,D,11,11,2,4,0,1,11:30,H,2023/2024
2023-10-22,Bologna,Frosinone,1.73,3.75,5.0,1.95,1.95,-0.75,1.99,1.91,2,0,H,10,14,2,2,0,1,14:00,H,2023/2024
2023-10-22,Salernitana,Cagliari,2.2,3.2,3.5,2.15,1.67,-0.25,1.9,2.0,0,0,D,11,12,3,4,0,0,14:00,D,2023/2024
2023-10-22,Atalanta,Genoa,1.55,3.8,6.5,2.03,1.87,-1.0,1.95,1.95,0,0,D,17,9,4,2,0,0,17:00,H,2023/2024
2023-10-22,Milan,Juventus,2.25,3.4,3.2,2.1,1.7,-0.25,2.0,1.9,0,0,D,12,16,1,4,1,0,19:45,A,2023/2024
2023-10-23,Udinese,Lecce,2.2,3.3,3.4,2.2,1.65,-0.25,1.88,2.02,0,0,D,11,15,3,5,0,0,17:30,D,2023/2024
2023-10-23,Fiorentina,Empoli,1.44,4.33,8.0,1.62,2.25,-1.25,1.96,1.94,0,1,A,13,17,1,3,0,0,19:45,A,2023/2024
2023-10-27,Genoa,Salernitana,1.73,3.6,5.25,2.15,1.67,-0.75,2.0,1.93,1,0,H,11,19,3,4,0,0,19:45,H,2023/2024
2023-10-28,Sassuolo,Bologna,2.6,3.4,2.63,1.7,2.1,0.0,1.97,1.96,1,1,D,11,10,1,4,0,0,14:00,D,2023/2024
2023-10-28,Lecce,Torino,2.75,3.0,2.8,2.5,1.5,0.0,1.91,2.02,0,1,A,17,19,3,5,0,0,17:00,A,2023/2024
2023-10-28,Juventus,Verona,1.36,5.0,8.0,1.85,2.05,-1.25,1.85,2.08,0,0,D,13,8,3,2,0,0,19:45,H,2023/2024
2023-10-29,Cagliari,Frosinone,2.3,3.3,3.2,1.99,1.91,-0.25,2.04,1.89,0,2,A,8,7,1,4,0,0,11:30,H,2023/2024
2023-10-29,Monza,Udinese,2.0,3.6,3.6,1.92,1.98,-0.25,1.75,2.05,1,0,H,15,11,2,1,0,0,14:00,D,2023/2024
2023-10-29,Inter,Roma,1.62,4.0,5.5,2.03,1.87,-0.75,1.82,2.11,0,0,D,14,9,3,4,0,0,17:00,H,2023/2024
2023-10-29,Napoli,Milan,2.2,3.4,3.3,2.04,1.86,-0.25,1.95,1.98,0,2,A,14,10,4,3,1,0,19:45,D,2023/2024
2023-10-30,Empoli,Atalanta,5.25,3.75,1.67,1.75,2.05,0.75,2.02,1.91,0,2,A,10,13,4,0,0,0,17:30,A,2023/2024
2023-10-30,Lazio,Fiorentina,2.25,3.25,3.25,1.99,1.91,-0.25,2.0,1.93,0,0,D,12,17,3,3,0,0,19:45,H,2023/2024
2023-11-03,Bologna,Lazio,2.63,3.2,2.75,2.2,1.65,0.0,1.93,2.0,0,0,D,12,8,2,5,0,0,19:45,H,2023/2024
2023-11-04,Salernitana,Napoli,7.0,4.75,1.44,1.53,2.4,1.25,1.96,1.97,0,1,A,15,10,1,1,0,0,14:00,A,2023/2024
2023-11-04,Atalanta,Inter,3.3,3.5,2.15,1.83,2.07,0.25,2.04,1.89,0,1,A,13,9,4,1,1,0,17:00,A,2023/2024
2023-11-04,Milan,Udinese,1.45,4.5,7.0,1.75,2.05,-1.25,2.07,1.86,0,0,D,13,14,1,2,0,0,19:45,A,2023/2024
2023-11-05,Verona,Monza,3.2,3.25,2.3,2.05,1.75,0.25,1.89,2.04,0,1,A,6,12,1,2,0,0,11:30,A,2023/2024
2023-11-05,Cagliari,Genoa,2.7,3.2,2.7,2.15,1.67,0.0,1.96,1.97,0,0,D,14,11,4,2,0,0,14:00,H,2023/2024
2023-11-05,Roma,Lecce,1.57,3.8,6.5,2.1,1.7,-1.0,2.08,1.85,0,0,D,18,11,3,5,0,0,17:00,H,2023/2024
2023-11-05,Fiorentina,Juventus,2.9,3.2,2.55,2.06,1.84,0.0,2.1,1.83,0,1,A,12,21,1,3,0,0,19:45,A,2023/2024
2023-11-06,Frosinone,Empoli,2.0,3.6,3.6,1.88,2.02,-0.25,1.84,2.09,0,0,D,7,9,3,2,0,0,17:30,H,2023/2024
2023-11-06,Torino,Sassuolo,2.15,3.4,3.4,2.0,1.9,-0.25,1.9,2.03,1,1,D,9,6,1,1,0,0,19:45,H,2023/2024
2023-11-10,Sassuolo,Salernitana,1.65,4.2,4.75,1.62,2.25,-0.75,1.89,2.04,1,2,A,12,14,2,1,0,0,17:30,D,2023/2024
2023-11-10,Genoa,Verona,1.91,3.3,4.33,2.4,1.53,-0.5,1.95,1.98,1,0,H,9,16,1,4,0,0,19:45,H,2023/2024
2023-11-11,Lecce,Milan,5.0,3.6,1.75,2.08,1.73,0.75,1.91,1.99,0,2,A,12,16,4,6,0,1,14:00,D,2023/2024
2023-11-11,Juventus,Cagliari,1.36,5.0,8.0,1.75,2.05,-1.25,1.89,2.01,0,0,D,14,8,3,1,0,0,17:00,H,2023/2024
2023-11-11,Monza,Torino,2.5,3.1,3.0,2.25,1.62,-0.25,2.13,1.78,0,0,D,11,11,2,2,0,0,19:45,D,2023/2024
2023-11-12,Napoli,Empoli,1.22,7.0,11.0,1.4,2.88,-1.75,1.84,2.06,0,0,D,11,13,1,1,0,0,11:30,A,2023/2024
2023-11-12,Fiorentina,Bologna,2.0,3.4,3.8,2.05,1.85,-0.5,2.08,1.82,1,1,D,19,15,2,2,0,0,14:00,H,2023/2024
2023-11-12,Udinese,Atalanta,3.75,3.5,2.0,1.99,1.91,0.5,1.86,2.04,1,0,H,13,13,2,3,0,0,14:00,D,2023/2024
2023-11-12,Lazio,Roma,3.0,3.0,2.63,2.35,1.57,0.0,2.08,1.82,0,0,D,12,13,3,4,0,0,17:00,D,2023/2024
2023-11-12,Inter,Frosinone,1.18,8.0,13.0,1.36,3.1,-2.0,1.88,2.02,1,0,H,7,16,0,1,0,0,19:45,H,2023/2024
2023-11-25,Salernitana,Lazio,4.75,3.75,1.75,2.04,1.86,0.75,1.87,2.06,0,1,A,11,12,5,3,0,0,14:00,H,2023/2024
2023-11-25,Atalanta,Napoli,2.7,3.4,2.63,1.88,2.02,0.0,1.99,1.94,0,1,A,15,9,2,2,0,0,17:00,A,2023/2024
2023-11-25,Milan,Fiorentina,2.1,3.3,3.5,2.06,1.84,-0.25,1.85,2.08,1,0,H,9,10,1,2,0,0,19:45,H,2023/2024
2023-11-26,Cagliari,Monza,2.88,3.25,2.5,2.0,1.9,0.0,2.08,1.85,1,0,H,10,15,1,2,0,0,11:30,D,2023/2024
2023-11-26,Empoli,Sassuolo,2.75,3.6,2.4,1.65,2.2,0.0,2.07,1.86,2,2,D,20,15,4,2,0,0,14:00,A,2023/2024
2023-11-26,Frosinone,Genoa,2.5,3.25,2.88,2.1,1.7,-0.25,2.08,1.73,1,1,D,5,14,2,4,0,0,14:00,H,2023/2024
2023-11-26,Roma,Udinese,1.62,3.8,5.75,2.05,1.75,-0.75,1.83,2.1,1,0,H,8,15,1,3,0,0,17:00,H,2023/2024
2023-11-26,Juventus,Inter,3.3,3.25,2.25,2.1,1.7,0.25,1.96,1.97,1,1,D,12,13,2,1,0,0,19:45,D,2023/2024
2023-11-27,Verona,Lecce,2.75,3.0,2.88,2.5,1.5,0.0,1.87,2.06,1,1,D,15,17,1,2,0,0,17:30,D,2023/2024
2023-11-27,Bologna,Torino,2.3,3.25,3.2,2.3,1.6,-0.25,2.03,1.9,0,0,D,16,15,3,4,0,0,19:45,H,2023/2024
2023-12-01,Monza,Juventus,4.2,3.3,1.95,2.15,1.67,0.5,1.91,2.02,0,1,A,12,8,1,2,0,0,19:45,A,2023/2024
2023-12-02,Genoa,Empoli,1.91,3.6,3.8,2.1,1.7,-0.5,2.0,1.93,1,0,H,15,19,3,1,0,0,14:00,D,2023/2024
2023-12-02,Lazio,Cagliari,1.62,4.0,5.25,1.98,1.92,-0.75,1.83,2.1,1,0,H,11,12,0,2,0,1,17:00,H,2023/2024
2023-12-02,Milan,Frosinone,1.44,4.5,7.5,1.7,2.1,-1.25,2.02,1.91,1,0,H,11,6,1,1,0,0,19:45,H,2023/2024
2023-12-03,Lecce,Bologna,3.0,3.2,2.45,2.2,1.65,0.25,1.8,2.14,0,0,D,12,18,3,2,0,0,11:30,D,2023/2024
2023-12-03,Fiorentina,Salernitana,1.45,4.75,7.0,1.67,2.15,-1.25,2.03,1.9,2,0,H,13,12,1,0,0,0,14:00,H,2023/2024
2023-12-03,Udinese,Verona,1.7,3.6,5.25,2.1,1.7,-0.75,1.98,1.95,2,1,H,16,13,2,5,0,0,14:00,D,2023/2024
2023-12-03,Sassuolo,Roma,3.8,3.75,1.91,1.75,2.05,0.5,1.96,1.97,1,0,H,10,11,4,1,1,0,17:00,A,2023/2024
2023-12-03,Napoli,Inter,2.8,3.5,2.4,1.75,2.05,0.25,1.81,2.13,0,1,A,2,13,2,2,0,0,19:45,A,2023/2024
2023-12-04,Torino,Atalanta,2.9,3.2,2.45,2.2,1.65,0.25,1.73,2.08,1,0,H,12,14,2,2,0,0,19:45,H,2023/2024
2023-12-08,Juventus,Napoli,2.25,3.25,3.25,2.1,1.7,-0.25,1.98,1.95,0,0,D,11,12,2,4,0,0,19:45,H,2023/2024
2023-12-09,Verona,Lazio,4.2,3.4,1.95,2.15,1.67,0.5,1.88,2.02,0,1,A,16,11,2,4,1,0,14:00,D,2023/2024
2023-12-09,Atalanta,Milan,2.5,3.2,3.0,2.05,1.75,0.0,1.83,2.07,1,1,D,11,11,1,5,0,1,17:00,H,2023/2024
2023-12-09,Inter,Udinese,1.29,6.5,9.0,1.57,2.35,-1.75,2.03,1.78,3,0,H,9,6,0,1,0,0,19:45,H,2023/2024
2023-12-10,Frosinone,Torino,3.4,3.2,2.25,2.15,1.67,0.25,1.95,1.95,0,0,D,13,17,3,3,0,0,11:30,D,2023/2024
2023-12-10,Monza,Genoa,2.15,3.1,3.75,2.3,1.6,-0.25,1.88,2.02,0,0,D,11,13,1,2,0,0,14:00,H,2023/2024
2023-12-10,Salernitana,Bologna,3.75,3.3,2.05,2.1,1.7,0.25,2.05,1.75,0,2,A,20,15,7,2,0,0,17:00,A,2023/2024
2023-12-10,Roma,Fiorentina,2.1,3.3,3.5,2.15,1.67,-0.25,1.84,2.06,1,0,H,14,14,5,3,2,1,19:45,D,2023/2024
2023-12-11,Empoli,Lecce,2.55,3.2,3.0,2.08,1.73,-0.25,2.1,1.7,0,0,D,14,18,2,2,0,0,17:30,D,2023/2024
2023-12-11,Cagliari,Sassuolo,2.3,3.5,3.0,1.7,2.1,-0.25,2.04,1.86,0,1,A,15,15,1,7,0,1,19:45,H,2023/2024
2023-12-15,Genoa,Juventus,4.75,3.2,1.91,2.7,1.44,0.5,1.99,1.94,0,1,A,14,12,2,3,0,0,19:45,D,2023/2024
2023-12-16,Lecce,Frosinone,2.15,3.3,3.5,2.08,1.82,-0.25,1.89,2.04,1,1,D,8,14,1,4,0,0,14:00,H,2023/2024
2023-12-16,Napoli,Cagliari,1.33,5.0,9.5,1.57,2.35,-1.5,2.0,1.93,0,0,D,9,10,5,3,0,0,17:00,H,2023/2024
2023-12-16,Torino,Empoli,1.6,3.8,6.0,2.05,1.85,-1.0,2.11,1.82,1,0,H,15,10,4,2,0,0,19:45,H,2023/2024
2023-12-17,Milan,Monza,1.62,4.33,5.0,1.8,2.0,-1.0,2.11,1.82,2,0,H,8,8,1,2,0,0,11:30,H,2023/2024
2023-12-17,Fiorentina,Verona,1.4,5.0,7.0,1.75,2.05,-1.25,1.98,1.95,0,0,D,11,12,3,1,0,0,14:00,H,2023/2024
2023-12-17,Udinese,Sassuolo,2.25,3.5,3.1,1.7,2.1,-0.25,2.02,1.91,1,0,H,13,6,3,1,1,0,14:00,D,2023/2024
2023-12-17,Bologna,Roma,2.38,3.0,3.25,2.5,1.5,-0.25,2.1,1.83,1,0,H,16,16,4,4,0,0,17:00,H,2023/2024
2023-12-17,Lazio,Inter,4.75,3.8,1.73,2.05,1.85,0.75,1.92,2.01,0,1,A,13,15,1,2,1,0,19:45,A,2023/2024
2023-12-18,Atalanta,Salernitana,1.3,5.5,10.0,1.57,2.35,-1.5,1.93,2.0,0,1,A,9,11,1,2,0,0,19:45,H,2023/2024
2023-12-22,Empoli,Lazio,4.2,3.4,1.91,2.15,1.67,0.5,1.91,1.99,0,1,A,6,17,3,2,0,0,17:30,A,2023/2024
2023-12-22,Sassuolo,Genoa,2.25,3.3,3.25,2.02,1.88,-0.25,1.99,1.91,1,0,H,11,9,2,1,0,0,17:30,A,2023/2024
2023-12-22,Monza,Fiorentina,2.88,3.2,2.55,2.1,1.7,0.0,2.06,1.84,0,1,A,12,16,3,4,0,0,19:45,A,2023/2024
2023-12-22,Salernitana,Milan,8.0,4.5,1.44,1.65,2.2,1.25,1.95,1.95,1,1,D,16,11,3,1,1,0,19:45,D,2023/2024
2023-12-23,Frosinone,Juventus,6.0,3.75,1.62,2.08,1.82,0.75,2.06,1.84,0,1,A,6,12,0,2,0,0,11:30,A,2023/2024
2023-12-23,Bologna,Atalanta,2.7,3.2,2.75,2.1,1.7,0.0,1.95,1.95,0,0,D,10,14,2,4,0,0,14:00,H,2023/2024
2023-12-23,Torino,Udinese,1.75,3.5,5.0,2.25,1.62,-0.75,2.04,1.86,0,0,D,10,11,2,2,0,0,14:00,D,2023/2024
2023-12-23,Inter,Lecce,1.22,7.0,11.0,1.65,2.2,-1.75,1.95,1.95,1,0,H,8,14,1,3,0,1,17:00,H,2023/2024
2023-12-23,Verona,Cagliari,2.38,3.25,3.1,2.08,1.73,-0.25,2.06,1.84,0,0,D,8,19,3,4,0,1,17:00,H,2023/2024
2023-12-23,Roma,Napoli,3.0,3.1,2.5,2.15,1.67,0.0,2.11,1.79,0,0,D,19,12,7,4,0,2,19:45,H,2023/2024
2023-12-29,Fiorentina,Torino,2.1,3.2,3.6,2.35,1.57,-0.25,1.88,2.05,0,0,D,11,15,4,2,0,0,17:30,H,2023/2024
2023-12-29,Napoli,Monza,1.62,4.0,5.5,1.73,2.08,-1.0,2.09,1.84,0,0,D,10,21,4,4,0,0,17:30,D,2023/2024
2023-12-29,Genoa,Inter,5.5,3.8,1.65,2.3,1.6,0.75,2.05,1.88,1,1,D,13,15,2,2,0,0,19:45,D,2023/2024
2023-12-29,Lazio,Frosinone,1.67,3.8,5.25,2.05,1.85,-0.75,1.86,2.07,0,0,D,18,15,3,2,0,0,19:45,H,2023/2024
2023-12-30,Atalanta,Lecce,1.4,4.6,8.0,1.92,1.98,-1.25,2.07,1.86,0,0,D,10,16,2,2,0,0,11:30,H,2023/2024
2023-12-30,Cagliari,Empoli,2.05,3.4,3.6,2.05,1.85,-0.25,1.75,2.05,0,0,D,18,18,1,3,0,0,14:00,D,2023/2024
2023-12-30,Udinese,Bologna,3.5,3.1,2.25,2.4,1.53,0.25,1.98,1.95,1,0,H,15,14,2,5,0,0,14:00,H,2023/2024
2023-12-30,Milan,Sassuolo,1.45,4.75,6.5,1.5,2.5,-1.25,2.01,1.92,0,0,D,8,7,0,1,0,0,17:00,H,2023/2024
2023-12-30,Verona,Salernitana,1.91,3.4,4.2,2.08,1.73,-0.5,1.95,1.98,0,0,D,14,13,2,2,0,0,17:00,A,2023/2024
2023-12-30,Juventus,Roma,2.05,3.0,4.2,2.7,1.44,-0.25,1.73,2.08,0,0,D,15,14,1,1,0,0,19:45,H,2023/2024
2024-01-05,Bologna,Genoa,2.05,3.0,4.33,2.7,1.44,-0.5,2.08,1.82,0,1,A,8,10,3,3,0,0,19:45,D,2023/2024
2024-01-06,Inter,Verona,1.17,8.0,13.0,1.5,2.5,-2.0,1.92,1.98,1,0,H,16,15,0,2,0,1,11:30,H,2023/2024
2024-01-06,Frosinone,Monza,2.63,3.3,2.7,1.93,1.97,0.0,1.95,1.95,0,2,A,11,16,3,5,0,0,14:00,A,2023/2024
2024-01-06,Lecce,Cagliari,2.2,3.25,3.4,2.2,1.65,-0.25,1.92,1.98,1,0,H,20,14,1,1,0,0,17:00,D,2023/2024
2024-01-06,Sassuolo,Fiorentina,3.25,3.5,2.15,1.73,2.08,0.25,1.97,1.93,1,0,H,10,14,3,2,0,0,19:45,H,2023/2024
2024-01-07,Empoli,Milan,5.25,3.8,1.67,1.75,2.05,0.75,2.04,1.86,0,2,A,9,13,1,2,0,0,11:30,A,2023/2024
2024-01-07,Torino,Napoli,2.9,3.2,2.5,2.2,1.65,0.0,2.09,1.81,1,0,H,7,10,0,2,0,1,14:00,H,2023/2024
2024-01-07,Udinese,Lazio,3.5,3.2,2.2,2.2,1.65,0.25,1.98,1.92,0,1,A,16,22,5,3,0,0,14:00,A,2023/2024
2024-01-07,Salernitana,Juventus,7.5,4.5,1.4,1.95,1.95,1.25,1.91,1.99,1,0,H,9,15,3,5,1,0,17:00,A,2023/2024
2024-01-07,Roma,Atalanta,2.4,3.2,3.1,2.15,1.67,-0.25,2.05,1.85,1,1,D,14,14,1,6,0,0,19:45,D,2023/2024
2024-01-13,Genoa,Torino,2.9,3.0,2.63,2.7,1.44,0.0,2.06,1.84,0,0,D,11,11,3,2,0,0,14:00,D,2023/2024
2024-01-13,Napoli,Salernitana,1.33,5.0,8.5,1.57,2.35,-1.5,1.99,1.91,1,1,D,15,10,3,2,0,0,14:00,H,2023/2024
2024-01-13,Verona,Empoli,2.15,3.25,3.5,2.1,1.7,-0.25,1.9,2.0,1,0,H,20,17,4,3,1,0,17:00,H,2023/2024
2024-01-13,Monza,Inter,7.0,4.0,1.5,1.88,2.02,1.0,2.06,1.84,0,2,A,6,12,2,2,0,0,19:45,A,2023/2024
2024-01-14,Lazio,Lecce,1.65,3.6,5.75,2.1,1.7,-0.75,1.88,2.02,0,0,D,14,12,4,4,0,0,11:30,H,2023/2024
2024-01-14,Cagliari,Bologna,3.0,3.1,2.5,2.4,1.53,0.25,1.77,2.14,1,1,D,12,8,3,2,0,0,14:00,H,2023/2024
2024-01-14,Fiorentina,Udinese,1.67,3.75,5.5,2.06,1.84,-0.75,1.88,2.02,0,1,A,14,13,1,1,0,0,17:00,D,2023/2024
2024-01-14,Milan,Roma,2.2,3.2,3.5,2.15,1.67,-0.25,1.85,2.05,1,0,H,12,9,2,3,0,0,19:45,H,2023/2024
2024-01-15,Atalanta,Frosinone,1.44,4.5,7.5,1.62,2.25,-1.25,1.98,1.92,3,0,H,11,8,0,1,0,0,19:45,H,2023/2024
2024-01-16,Juventus,Sassuolo,1.4,4.2,8.5,1.73,2.08,-1.25,1.93,1.97,2,0,H,9,9,0,2,0,0,19:45,H,2023/2024
2024-01-20,Roma,Verona,1.44,4.2,8.5,2.08,1.73,-1.0,1.73,2.08,2,0,H,14,12,2,2,0,0,17:00,H,2023/2024
2024-01-20,Udinese,Milan,4.0,3.8,1.85,1.91,1.99,0.5,1.99,1.91,1,1,D,12,9,6,1,0,0,19:45,A,2023/2024
2024-01-21,Frosinone,Cagliari,2.4,3.4,2.9,2.01,1.89,-0.25,2.06,1.84,0,1,A,11,18,3,5,0,0,11:30,H,2023/2024
2024-01-21,Empoli,Monza,2.8,3.3,2.55,2.08,1.82,0.0,2.06,1.84,2,0,H,15,10,1,3,0,0,14:00,H,2023/2024
2024-01-21,Salernitana,Genoa,3.6,3.2,2.15,2.4,1.53,0.25,2.03,1.87,1,1,D,7,15,0,5,0,0,17:00,A,2023/2024
2024-01-21,Lecce,Juventus,6.0,3.5,1.65,2.35,1.57,0.75,2.04,1.86,0,0,D,8,12,1,1,0,0,19:45,A,2023/2024
2024-01-26,Cagliari,Torino,3.5,3.2,2.2,2.4,1.53,0.25,1.98,1.92,0,2,A,12,12,2,4,0,0,19:45,A,2023/2024
2024-01-27,Atalanta,Udinese,1.5,4.5,6.0,1.73,2.08,-1.0,1.85,2.05,2,0,H,8,11,2,1,0,0,14:00,H,2023/2024
2024-01-27,Juventus,Empoli,1.29,5.5,10.0,1.87,2.03,-1.5,1.98,1.92,0,0,D,11,6,1,1,1,0,17:00,D,2023/2024
2024-01-27,Milan,Bologna,1.67,3.75,5.25,2.08,1.73,-0.75,1.95,1.95,1,1,D,16,12,5,3,0,0,19:45,D,2023/2024
2024-01-28,Genoa,Lecce,2.1,3.1,4.0,2.6,1.48,-0.5,2.09,1.81,0,1,A,12,17,0,2,0,0,11:30,H,2023/2024
2024-01-28,Monza,Sassuolo,2.25,3.4,3.2,1.75,2.05,-0.25,2.02,1.88,1,0,H,8,13,1,3,0,0,14:00,H,2023/2024
2024-01-28,Verona,Frosinone,2.45,3.3,2.9,2.03,1.87,-0.25,2.09,1.81,1,0,H,17,12,2,2,0,0,14:00,D,2023/2024
2024-01-28,Lazio,Napoli,2.25,3.3,3.3,2.25,1.62,-0.25,1.95,1.95,0,0,D,11,11,3,2,0,0,17:00,D,2023/2024
2024-01-28,Fiorentina,Inter,4.2,3.6,1.85,1.97,1.93,0.5,1.98,1.92,0,1,A,6,12,2,3,0,0,19:45,A,2023/2024
2024-01-29,Salernitana,Roma,5.25,3.8,1.67,2.08,1.73,0.75,2.05,1.85,0,0,D,12,12,2,3,0,0,19:45,A,2023/2024
2024-02-02,Lecce,Fiorentina,3.75,3.2,2.1,2.15,1.67,0.25,2.1,1.83,1,0,H,13,14,3,3,0,0,19:45,H,2023/2024
2024-02-03,Empoli,Genoa,3.0,3.0,2.6,2.5,1.5,0.0,2.14,1.8,0,0,D,11,12,2,3,0,1,14:00,D,2023/2024
2024-02-03,Udinese,Monza,2.25,3.3,3.3,2.04,1.86,-0.25,1.93,2.0,0,0,D,12,13,3,2,0,0,14:00,D,2023/2024
2024-02-03,Frosinone,Milan,5.0,4.2,1.62,1.6,2.3,0.75,2.08,1.85,1,1,D,10,13,1,3,0,0,17:00,A,2023/2024
2024-02-03,Bologna,Sassuolo,1.7,3.75,5.0,2.05,1.85,-0.75,2.0,1.93,1,2,A,12,10,1,3,0,0,19:45,H,2023/2024
2024-02-04,Torino,Salernitana,1.5,4.0,7.5,2.15,1.67,-1.0,1.92,2.01,0,0,D,11,8,2,1,0,0,11:30,D,2023/2024
2024-02-04,Napoli,Verona,1.4,4.5,8.5,1.87,2.03,-1.25,1.99,1.94,0,0,D,11,14,3,2,0,0,14:00,H,2023/2024
2024-02-04,Atalanta,Lazio,2.05,3.4,3.75,2.15,1.67,-0.5,2.11,1.82,2,0,H,13,14,2,3,0,0,17:00,H,2023/2024
2024-02-04,Inter,Juventus,1.8,3.5,4.75,2.2,1.65,-0.5,1.78,2.03,1,0,H,8,8,2,2,0,0,19:45,H,2023/2024
2024-02-05,Roma,Cagliari,1.44,4.33,7.5,1.87,2.03,-1.0,1.73,2.08,2,0,H,8,12,1,1,0,0,19:45,H,2023/2024
2024-02-09,Salernitana,Empoli,2.38,3.2,3.2,2.35,1.57,-0.25,2.07,1.86,0,1,A,10,17,3,2,0,0,19:45,A,2023/2024
2024-02-10,Cagliari,Lazio,3.5,3.3,2.15,2.3,1.6,0.25,2.04,1.89,0,1,A,6,9,1,3,0,0,14:00,A,2023/2024
2024-02-10,Roma,Inter,4.2,3.5,1.91,2.15,1.67,0.5,2.02,1.91,2,1,H,9,14,2,0,0,0,17:00,A,2023/2024
2024-02-10,Sassuolo,Torino,3.4,3.3,2.2,2.05,1.75,0.25,2.01,1.92,1,1,D,12,11,1,3,0,0,19:45,D,2023/2024
2024-02-11,Fiorentina,Frosinone,1.5,4.33,6.5,1.75,2.05,-1.0,1.91,2.02,3,0,H,16,8,3,1,0,0,11:30,H,2023/2024
2024-02-11,Bologna,Lecce,1.73,3.6,5.25,2.2,1.65,-0.75,1.92,1.98,2,0,H,10,13,1,2,0,0,14:00,H,2023/2024
2024-02-11,Monza,Verona,2.05,3.4,3.75,2.2,1.65,-0.25,1.75,2.05,0,0,D,19,15,1,2,0,0,14:00,D,2023/2024
2024-02-11,Genoa,Atalanta,3.75,3.3,2.05,2.2,1.65,0.5,1.82,2.11,0,1,A,8,13,3,4,0,0,17:00,A,2023/2024
2024-02-11,Milan,Napoli,1.95,3.6,3.8,1.8,2.0,-0.5,1.99,1.94,1,0,H,9,12,1,1,0,0,19:45,H,2023/2024
2024-02-12,Juventus,Udinese,1.44,4.5,8.0,2.04,1.86,-1.25,2.05,1.88,0,1,A,15,10,3,3,0,0,19:45,A,2023/2024
2024-02-14,Bologna,Fiorentina,2.3,3.2,3.2,2.2,1.65,-0.25,2.05,1.85,1,0,H,11,8,2,3,0,0,18:00,H,2023/2024
2024-02-16,Torino,Lecce,1.8,3.4,4.75,2.25,1.62,-0.5,1.83,2.07,0,0,D,16,11,1,4,0,1,18:00,H,2023/2024
2024-02-16,Inter,Salernitana,1.14,8.5,15.0,1.44,2.7,-2.25,1.99,1.91,3,0,H,9,9,0,1,0,0,20:00,H,2023/2024
2024-02-17,Napoli,Genoa,1.6,3.75,6.0,2.1,1.7,-0.75,1.81,2.09,0,0,D,9,13,3,2,0,0,14:00,D,2023/2024
2024-02-17,Verona,Juventus,5.75,3.5,1.67,2.3,1.6,0.75,2.0,1.9,1,1,D,8,10,0,0,0,0,17:00,D,2023/2024
2024-02-17,Atalanta,Sassuolo,1.36,5.5,8.0,1.48,2.6,-1.5,1.99,1.91,1,0,H,10,9,0,0,0,0,19:45,H,2023/2024
2024-02-18,Lazio,Bologna,2.3,3.1,3.4,2.5,1.5,-0.25,2.01,1.89,1,1,D,5,11,2,3,0,0,11:30,A,2023/2024
2024-02-18,Empoli,Fiorentina,3.75,3.3,2.05,2.1,1.7,0.25,2.09,1.81,0,1,A,15,14,3,2,0,0,14:00,D,2023/2024
2024-02-18,Udinese,Cagliari,1.91,3.6,4.0,2.05,1.75,-0.5,1.88,2.02,1,1,D,14,10,3,2,0,0,14:00,D,2023/2024
2024-02-18,Frosinone,Roma,3.8,3.75,1.91,1.73,2.08,0.5,1.95,1.95,0,1,A,10,16,0,3,0,0,17:00,A,2023/2024
2024-02-18,Monza,Milan,4.75,3.5,1.8,1.97,1.93,0.75,1.85,2.05,2,0,H,11,10,4,1,0,1,19:45,H,2023/2024
2024-02-22,Torino,Lazio,2.4,2.9,3.25,2.7,1.44,-0.25,2.09,1.81,0,0,D,11,7,3,2,0,1,19:45,A,2023/2024
2024-02-23,Bologna,Verona,1.55,3.8,7.0,2.1,1.7,-1.0,2.06,1.84,1,0,H,12,15,2,2,0,0,19:45,H,2023/2024
2024-02-24,Sassuolo,Empoli,2.2,3.4,3.3,2.03,1.87,-0.25,1.95,1.95,0,1,A,12,14,1,3,0,0,14:00,A,2023/2024
2024-02-24,Salernitana,Monza,3.0,3.1,2.5,2.1,1.7,0.0,2.1,1.7,0,0,D,6,13,2,2,0,0,17:00,A,2023/2024
2024-02-24,Genoa,Udinese,2.25,3.0,3.6,2.6,1.48,-0.25,1.95,1.95,2,0,H,9,17,1,4,0,1,19:45,H,2023/2024
2024-02-25,Juventus,Frosinone,1.3,5.5,10.0,1.67,2.15,-1.5,1.98,1.92,2,2,D,12,6,2,2,0,0,11:30,H,2023/2024
2024-02-25,Cagliari,Napoli,4.2,3.75,1.83,1.88,2.02,0.5,2.02,1.88,0,0,D,12,12,4,1,0,0,14:00,D,2023/2024
2024-02-25,Lecce,Inter,7.0,4.5,1.44,1.73,2.08,1.25,1.89,2.01,0,1,A,13,6,1,2,0,0,17:00,A,2023/2024
2024-02-25,Milan,Atalanta,2.38,3.4,3.0,1.75,2.05,-0.25,2.06,1.84,1,1,D,12,16,1,4,0,0,19:45,D,2023/2024
2024-02-26,Roma,Torino,1.91,3.25,4.5,2.4,1.53,-0.5,1.95,1.95,1,1,D,12,16,2,2,0,0,17:30,H,2023/2024
2024-02-26,Fiorentina,Lazio,2.25,3.1,3.5,2.2,1.65,-0.25,1.95,1.95,0,1,A,15,12,0,2,0,0,19:45,H,2023/2024
2024-02-28,Sassuolo,Napoli,4.0,3.8,1.8,1.7,2.1,0.75,1.86,2.04,1,3,A,3,5,0,0,0,0,17:00,A,2023/2024
2024-02-28,Inter,Atalanta,1.62,4.0,5.5,1.75,2.05,-0.75,1.81,2.09,2,0,H,10,15,2,6,0,0,19:45,H,2023/2024
2024-03-01,Lazio,Milan,3.5,3.2,2.2,2.1,1.7,0.25,2.03,1.87,0,0,D,17,19,5,6,3,0,19:45,A,2023/2024
2024-03-02,Udinese,Salernitana,1.65,3.8,5.75,2.05,1.85,-0.75,1.86,2.04,1,1,D,13,13,6,1,1,0,14:00,D,2023/2024
2024-03-02,Monza,Roma,3.75,3.4,2.05,2.03,1.87,0.5,1.82,2.08,0,2,A,11,18,1,4,0,0,17:00,A,2023/2024
2024-03-02,Torino,Fiorentina,2.63,3.0,2.9,2.4,1.53,0.0,1.85,2.05,0,0,D,13,13,2,4,1,0,19:45,D,2023/2024
2024-03-03,Verona,Sassuolo,2.2,3.4,3.25,2.03,1.87,-0.25,1.95,1.95,0,0,D,23,10,4,2,0,0,11:30,H,2023/2024
2024-03-03,Empoli,Cagliari,2.15,3.25,3.6,2.1,1.7,-0.25,1.82,2.08,0,0,D,11,15,0,3,0,0,14:00,A,2023/2024
2024-03-03,Frosinone,Lecce,2.25,3.3,3.3,1.99,1.91,-0.25,1.97,1.93,1,0,H,11,10,1,1,0,0,14:00,D,2023/2024
2024-03-03,Atalanta,Bologna,1.91,3.4,4.2,2.08,1.73,-0.5,1.99,1.91,1,0,H,11,12,3,2,0,0,17:00,A,2023/2024
2024-03-03,Napoli,Juventus,2.38,3.1,3.3,2.35,1.57,-0.25,2.03,1.87,1,0,H,6,16,1,4,0,0,19:45,H,2023/2024
2024-03-04,Inter,Genoa,1.3,5.75,9.5,1.75,2.05,-1.75,2.05,1.75,2,0,H,5,17,2,3,0,0,19:45,H,2023/2024
2024-03-08,Napoli,Torino,1.75,3.6,5.0,2.2,1.65,-0.75,2.04,1.89,0,0,D,9,13,2,2,0,0,19:45,D,2023/2024
2024-03-09,Cagliari,Salernitana,1.83,3.6,4.33,2.02,1.88,-0.5,1.87,2.06,2,0,H,16,11,1,2,0,0,14:00,H,2023/2024
2024-03-09,Sassuolo,Frosinone,2.2,3.6,3.1,1.65,2.2,-0.25,2.0,1.93,0,0,D,14,9,3,1,0,0,14:00,H,2023/2024
2024-03-09,Bologna,Inter,3.5,3.3,2.15,2.1,1.7,0.25,2.03,1.9,0,1,A,17,12,2,1,0,0,17:00,A,2023/2024
2024-03-09,Genoa,Monza,2.15,3.2,3.5,2.4,1.53,-0.25,1.85,2.08,0,2,A,11,10,1,1,0,0,19:45,A,2023/2024
2024-03-10,Lecce,Verona,2.2,3.25,3.4,2.3,1.6,-0.25,1.94,1.99,0,1,A,15,19,3,3,0,1,11:30,A,2023/2024
2024-03-10,Milan,Empoli,1.44,5.0,6.5,1.7,2.1,-1.25,2.03,1.9,1,0,H,18,13,1,4,0,0,14:00,H,2023/2024
2024-03-10,Juventus,Atalanta,2.2,3.3,3.3,2.1,1.7,-0.25,1.98,1.95,0,1,A,12,10,0,1,0,0,17:00,D,2023/2024
2024-03-10,Fiorentina,Roma,2.55,3.3,2.75,2.07,1.83,0.0,1.9,2.03,1,0,H,10,15,2,5,0,0,19:45,D,2023/2024
2024-03-11,Lazio,Udinese,1.91,3.5,4.0,2.15,1.67,-0.5,1.94,1.99,0,0,D,9,15,3,6,0,1,19:45,A,2023/2024
2024-03-15,Empoli,Bologna,4.0,3.2,2.0,2.35,1.57,0.5,1.85,2.08,0,0,D,19,12,4,0,0,0,19:45,A,2023/2024
2024-03-16,Monza,Cagliari,2.05,3.5,3.6,2.0,1.9,-0.5,2.1,1.83,1,0,H,11,9,2,1,0,0,14:00,H,2023/2024
2024-03-16,Udinese,Torino,2.8,2.9,2.8,2.6,1.48,0.0,2.01,1.92,0,1,A,11,17,3,2,0,0,14:00,A,2023/2024
2024-03-16,Salernitana,Lecce,2.9,3.2,2.5,2.1,1.7,0.0,2.14,1.8,0,1,A,9,18,4,3,0,0,17:00,A,2023/2024
2024-03-16,Frosinone,Lazio,3.5,3.4,2.15,1.87,2.03,0.25,2.06,1.87,1,1,D,10,15,1,3,0,0,19:45,A,2023/2024
2024-03-17,Juventus,Genoa,1.5,4.0,7.0,2.2,1.65,-1.0,1.95,1.98,0,0,D,11,11,4,1,1,0,11:30,D,2023/2024
2024-03-17,Verona,Milan,5.25,3.75,1.7,2.05,1.85,0.75,1.98,1.95,0,1,A,9,8,1,3,0,0,14:00,A,2023/2024
2024-03-17,Roma,Sassuolo,1.36,4.75,8.0,1.6,2.3,-1.25,1.85,2.08,0,0,D,11,10,2,1,0,0,17:00,H,2023/2024
2024-03-17,Inter,Napoli,1.57,4.0,6.0,1.73,2.08,-1.0,2.03,1.9,1,0,H,19,6,2,1,0,0,19:45,D,2023/2024
2024-03-30,Napoli,Atalanta,2.1,3.6,3.4,1.8,2.0,-0.25,1.85,2.05,0,2,A,6,13,2,2,0,0,11:30,A,2023/2024
2024-03-30,Genoa,Frosinone,1.95,3.6,3.8,2.05,1.85,-0.5,1.98,1.92,1,1,D,16,11,2,1,0,0,14:00,D,2023/2024
2024-03-30,Torino,Monza,1.83,3.4,4.75,2.3,1.6,-0.5,1.84,2.06,0,0,D,9,11,0,3,0,1,14:00,H,2023/2024
2024-03-30,Lazio,Juventus,3.1,3.1,2.45,2.35,1.57,0.25,1.8,2.1,0,0,D,12,10,1,2,0,0,17:00,H,2023/2024
2024-03-30,Fiorentina,Milan,2.88,3.3,2.5,2.01,1.89,0.0,2.07,1.83,0,0,D,8,12,2,3,0,0,19:45,A,2023/2024
2024-04-01,Bologna,Salernitana,1.3,5.5,10.0,1.8,2.0,-1.5,1.93,1.97,2,0,H,11,12,0,3,0,0,11:30,H,2023/2024
2024-04-01,Cagliari,Verona,2.15,3.2,3.6,2.1,1.7,-0.25,1.88,2.02,0,1,A,11,16,0,2,0,0,14:00,D,2023/2024
2024-04-01,Sassuolo,Udinese,2.75,3.25,2.6,2.07,1.83,0.0,2.07,1.83,1,1,D,7,10,1,2,0,0,14:00,D,2023/2024
2024-04-01,Lecce,Roma,4.5,3.5,1.83,2.07,1.83,0.5,2.02,1.88,0,0,D,9,12,3,2,0,0,17:00,D,2023/2024
2024-04-01,Inter,Empoli,1.22,7.0,12.0,1.5,2.5,-1.75,1.78,2.03,1,0,H,14,16,0,2,0,0,19:45,H,2023/2024
2024-04-05,Salernitana,Sassuolo,3.25,3.5,2.2,1.9,2.0,0.25,1.98,1.95,0,2,A,10,13,4,3,0,0,19:45,D,2023/2024
2024-04-06,Milan,Lecce,1.36,4.75,8.5,1.7,2.1,-1.25,1.83,2.1,2,0,H,8,8,1,1,0,1,14:00,H,2023/2024
2024-04-06,Roma,Lazio,2.2,3.1,3.6,2.15,1.67,-0.25,1.91,2.02,1,0,H,14,15,6,3,0,0,17:00,H,2023/2024
2024-04-06,Empoli,Torino,3.5,3.2,2.25,2.5,1.5,0.25,1.99,1.94,1,0,H,13,13,2,1,0,0,19:45,H,2023/2024
2024-04-07,Frosinone,Bologna,4.2,3.5,1.91,1.95,1.95,0.5,2.0,1.93,0,0,D,10,14,1,3,0,0,11:30,D,2023/2024
2024-04-07,Monza,Napoli,4.0,3.8,1.85,1.8,2.0,0.5,2.05,1.88,1,0,H,10,8,3,1,0,0,14:00,A,2023/2024
2024-04-07,Cagliari,Atalanta,4.75,3.8,1.73,1.75,2.05,0.75,1.99,1.94,1,1,D,16,19,3,3,0,0,17:00,H,2023/2024
2024-04-07,Verona,Genoa,2.75,3.0,2.8,2.5,1.5,0.0,1.87,2.06,1,1,D,14,15,3,1,0,0,17:00,A,2023/2024
2024-04-07,Juventus,Fiorentina,1.83,3.4,4.75,2.15,1.67,-0.5,1.87,2.06,1,0,H,16,8,2,1,0,0,19:45,H,2023/2024
2024-04-08,Udinese,Inter,6.5,4.5,1.5,1.75,2.05,1.0,2.05,1.75,1,0,H,11,11,1,2,0,0,19:45,A,2023/2024
2024-04-12,Lazio,Salernitana,1.33,5.0,9.5,1.8,2.0,-1.25,1.86,2.07,3,1,H,15,10,0,1,0,0,19:45,H,2023/2024
2024-04-13,Lecce,Empoli,2.25,3.1,3.6,2.3,1.62,-0.25,1.93,1.97,0,0,D,18,15,1,0,0,0,14:00,H,2023/2024
2024-04-13,Torino,Juventus,3.75,3.0,2.2,2.63,1.5,0.25,2.0,1.9,0,0,D,18,11,3,2,1,0,17:00,D,2023/2024
2024-04-13,Bologna,Monza,1.55,4.0,6.5,2.04,1.86,-1.0,1.98,1.92,0,0,D,13,19,4,4,0,0,19:45,D,2023/2024
2024-04-14,Napoli,Frosinone,1.33,5.5,8.0,1.53,2.5,-1.5,1.99,1.91,1,0,H,11,14,3,1,1,0,11:30,D,2023/2024
2024-04-14,Sassuolo,Milan,4.5,3.8,1.75,1.67,2.2,0.75,1.9,2.0,2,1,H,12,9,3,1,0,0,14:00,D,2023/2024
2024-04-14,Inter,Cagliari,1.18,8.0,12.0,1.44,2.75,-2.0,1.91,1.99,1,0,H,5,10,0,2,0,0,19:45,D,2023/2024
2024-04-15,Fiorentina,Genoa,1.85,3.5,4.33,2.1,1.73,-0.5,1.9,2.0,0,1,A,8,19,1,2,0,0,17:30,D,2023/2024
2024-04-15,Atalanta,Verona,1.45,4.5,7.0,1.73,2.1,-1.25,2.05,1.85,2,0,H,6,10,0,2,0,0,19:45,D,2023/2024
2024-04-19,Genoa,Lazio,3.1,3.1,2.45,2.38,1.57,0.25,1.81,2.09,0,0,D,7,13,1,2,0,0,17:30,A,2023/2024
2024-04-19,Cagliari,Juventus,5.0,3.5,1.75,2.2,1.67,0.75,1.85,2.05,2,0,H,16,15,2,3,0,0,19:45,D,2023/2024
2024-04-20,Empoli,Napoli,4.75,4.0,1.7,1.73,2.1,0.75,2.0,1.9,1,0,H,14,12,2,2,0,0,17:00,H,2023/2024
2024-04-20,Verona,Udinese,2.55,3.1,3.0,2.2,1.67,0.0,1.81,2.09,0,0,D,18,12,2,2,0,0,19:45,H,2023/2024
2024-04-21,Sassuolo,Lecce,2.3,3.3,3.2,2.0,1.9,-0.25,2.01,1.89,0,2,A,10,13,1,0,0,0,11:30,A,2023/2024
2024-04-21,Torino,Frosinone,1.67,3.8,5.25,2.0,1.9,-0.75,1.87,2.03,0,0,D,10,17,2,2,0,0,14:00,D,2023/2024
2024-04-21,Salernitana,Fiorentina,5.0,4.0,1.67,1.8,2.0,0.75,2.01,1.89,0,0,D,13,11,2,4,0,0,17:00,A,2023/2024
2024-04-21,Monza,Atalanta,4.0,3.8,1.85,1.89,2.01,0.5,1.99,1.91,0,1,A,8,13,3,2,0,0,19:45,A,2023/2024
2024-04-22,Roma,Bologna,2.4,3.1,3.2,2.38,1.57,-0.25,2.05,1.85,0,2,A,8,12,5,2,0,0,17:30,A,2023/2024
2024-04-22,Milan,Inter,3.75,3.6,2.0,1.73,2.1,0.5,1.91,1.99,0,1,A,19,10,3,2,2,1,19:45,A,2023/2024
2024-04-25,Udinese,Roma,3.3,3.4,2.15,2.1,1.73,0.25,1.95,1.95,1,0,H,15,10,3,2,0,0,19:00,A,2023/2024
2024-04-26,Frosinone,Salernitana,1.4,4.75,7.5,1.57,2.38,-1.25,1.93,2.0,2,0,H,13,10,2,2,0,0,19:45,H,2023/2024
2024-04-27,Lecce,Monza,2.0,3.25,4.0,2.2,1.67,-0.5,2.08,1.85,0,0,D,13,18,2,3,0,0,14:00,D,2023/2024
2024-04-27,Juventus,Milan,2.1,3.3,3.6,2.04,1.86,-0.25,1.84,2.09,0,0,D,10,4,0,1,0,0,17:00,D,2023/2024
2024-04-27,Lazio,Verona,1.62,3.8,6.0,2.1,1.73,-0.75,1.82,2.08,0,0,D,13,18,4,4,0,0,19:45,H,2023/2024
2024-04-28,Inter,Torino,1.53,3.8,7.0,2.0,1.8,-1.0,1.98,1.95,0,0,D,6,8,0,0,0,1,11:30,H,2023/2024
2024-04-28,Bologna,Udinese,1.6,3.8,6.0,2.1,1.73,-0.75,1.75,2.05,0,1,A,11,21,3,7,1,0,14:00,D,2023/2024
2024-04-28,Atalanta,Empoli,1.44,4.5,7.5,1.73,2.1,-1.25,2.03,1.9,1,0,H,19,14,1,2,0,0,17:00,H,2023/2024
2024-04-28,Napoli,Roma,1.95,3.6,4.0,1.92,1.98,-0.5,2.0,1.93,0,0,D,11,5,2,0,0,0,17:00,D,2023/2024
2024-04-28,Fiorentina,Sassuolo,1.7,3.8,5.0,1.73,2.1,-0.75,1.93,2.0,1,0,H,9,9,2,2,0,0,19:45,H,2023/2024
2024-04-29,Genoa,Cagliari,2.25,3.1,3.5,2.3,1.62,-0.25,1.95,1.95,2,0,H,12,14,0,2,0,0,19:45,H,2023/2024
2024-05-03,Torino,Bologna,2.88,2.8,2.88,2.75,1.44,0.0,1.95,1.98,0,0,D,14,11,2,2,0,0,19:45,D,2023/2024
2024-05-04,Monza,Lazio,4.33,3.75,1.83,2.04,1.86,0.5,2.07,1.86,0,1,A,8,13,1,7,0,0,17:00,D,2023/2024
2024-05-04,Sassuolo,Inter,6.0,4.5,1.5,1.53,2.5,1.25,1.85,2.08,1,0,H,10,10,1,1,0,0,19:45,H,2023/2024
2024-05-05,Cagliari,Lecce,2.15,3.2,3.75,2.2,1.67,-0.25,1.88,2.05,1,0,H,9,15,4,4,1,0,11:30,D,2023/2024
2024-05-05,Empoli,Frosinone,2.38,3.3,3.1,1.95,1.95,-0.25,2.08,1.85,0,0,D,15,11,2,3,0,0,14:00,D,2023/2024
2024-05-05,Verona,Fiorentina,3.1,3.3,2.3,2.1,1.73,0.25,1.86,2.07,1,1,D,12,11,2,1,0,0,14:00,H,2023/2024
2024-05-05,Milan,Genoa,1.45,4.5,6.5,1.73,2.1,-1.25,2.09,1.84,1,1,D,8,10,1,1,0,0,17:00,D,2023/2024
2024-05-05,Roma,Juventus,2.88,3.1,2.7,2.38,1.57,0.0,2.03,1.9,1,1,D,7,11,1,2,0,0,19:45,D,2023/2024
2024-05-06,Salernitana,Atalanta,7.5,5.5,1.36,1.53,2.5,1.5,1.9,2.03,1,0,H,12,10,1,0,0,0,17:00,A,2023/2024
2024-05-06,Udinese,Napoli,3.75,3.6,1.95,1.88,2.02,0.5,1.9,2.03,0,0,D,13,10,0,0,0,0,19:45,D,2023/2024
2024-05-10,Frosinone,Inter,4.5,4.0,1.73,1.73,2.1,0.75,1.92,1.98,0,1,A,4,8,0,0,0,0,19:45,A,2023/2024
2024-05-11,Napoli,Bologna,2.1,3.4,3.5,1.99,1.91,-0.25,1.86,2.04,0,2,A,15,12,2,1,0,0,17:00,A,2023/2024
2024-05-11,Milan,Cagliari,1.4,5.25,6.5,1.57,2.38,-1.25,1.95,1.95,1,0,H,11,9,2,1,0,0,19:45,H,2023/2024
2024-05-12,Lazio,Empoli,1.57,4.0,5.75,2.01,1.89,-1.0,2.07,1.83,1,0,H,18,15,3,1,0,0,11:30,H,2023/2024
2024-05-12,Genoa,Sassuolo,2.2,3.5,3.2,1.93,1.97,-0.25,1.95,1.95,0,1,A,13,10,1,2,0,0,14:00,H,2023/2024
2024-05-12,Verona,Torino,3.0,3.0,2.55,2.5,1.53,0.0,2.1,1.8,0,0,D,19,15,3,2,1,0,14:00,A,2023/2024
2024-05-12,Juventus,Salernitana,1.14,8.5,17.0,1.5,2.63,-2.25,2.02,1.88,0,1,A,15,12,2,5,0,0,17:00,D,2023/2024
2024-05-12,Atalanta,Roma,2.0,3.6,3.6,1.88,2.02,-0.5,2.02,1.88,2,0,H,11,11,1,1,0,0,19:45,H,2023/2024
2024-05-13,Lecce,Udinese,2.63,3.1,2.8,2.3,1.62,0.0,1.86,2.04,0,1,A,12,11,2,1,0,0,17:30,A,2023/2024
2024-05-13,Fiorentina,Monza,1.55,4.2,5.75,1.73,2.1,-1.0,1.97,1.93,1,1,D,9,14,1,1,0,0,19:45,H,2023/2024
2024-05-17,Fiorentina,Napoli,2.25,3.4,3.1,1.73,2.1,-0.25,2.02,1.88,2,1,H,16,14,1,2,0,0,19:45,D,2023/2024
2024-05-18,Lecce,Atalanta,4.5,3.8,1.75,1.91,1.99,0.75,1.88,2.02,0,0,D,7,20,0,4,0,0,17:00,A,2023/2024
2024-05-18,Torino,Milan,2.8,3.2,2.6,2.1,1.73,0.0,2.02,1.88,2,0,H,15,14,1,1,0,0,19:45,H,2023/2024
2024-05-19,Sassuolo,Cagliari,2.35,3.3,3.1,1.84,2.06,-0.25,2.05,1.85,0,0,D,14,9,4,2,1,0,11:30,A,2023/2024
2024-05-19,Monza,Frosinone,3.0,3.4,2.3,1.73,2.1,0.25,1.85,2.05,0,1,A,14,13,1,2,0,0,14:00,A,2023/2024
2024-05-19,Udinese,Empoli,2.0,3.4,3.8,2.2,1.67,-0.5,2.04,1.86,0,0,D,14,18,1,7,0,1,14:00,D,2023/2024
2024-05-19,Inter,Lazio,1.62,4.0,5.0,1.73,2.1,-0.75,1.85,2.05,0,1,A,10,15,0,1,0,0,17:00,D,2023/2024
2024-05-19,Roma,Genoa,1.48,4.2,7.0,1.8,2.0,-1.0,1.83,2.07,0,0,D,10,10,3,0,1,0,19:45,H,2023/2024
2024-05-20,Salernitana,Verona,5.0,3.8,1.7,1.91,1.99,0.75,1.98,1.92,0,2,A,14,19,3,2,0,0,17:30,A,2023/2024
2024-05-20,Bologna,Juventus,2.45,3.1,3.1,2.3,1.62,-0.25,2.1,1.8,2,0,H,8,21,1,5,0,0,19:45,D,2023/2024
2024-05-23,Cagliari,Fiorentina,4.2,3.75,1.8,1.73,2.1,0.5,2.08,1.85,0,1,A,13,14,2,4,0,0,19:45,A,2023/2024
2024-05-24,Genoa,Bologna,3.4,3.4,2.15,2.2,1.67,0.25,2.02,1.88,1,0,H,11,11,1,2,0,0,19:45,H,2023/2024
2024-05-25,Juventus,Monza,1.33,5.5,8.5,1.62,2.3,-1.5,1.97,1.93,2,0,H,15,13,1,3,0,1,17:00,H,2023/2024
2024-05-25,Milan,Salernitana,1.18,8.0,12.0,1.25,4.0,-2.25,1.98,1.92,2,0,H,6,9,0,1,0,0,19:45,D,2023/2024
2024-05-26,Atalanta,Torino,3.3,3.5,2.1,1.95,1.95,0.25,2.04,1.86,2,0,H,18,10,1,1,0,0,17:00,H,2023/2024
2024-05-26,Napoli,Lecce,1.42,5.0,6.25,1.57,2.38,-1.25,1.95,1.95,0,0,D,10,17,0,0,0,0,17:00,D,2023/2024
2024-05-26,Empoli,Roma,1.95,3.6,3.6,1.88,2.02,-0.5,2.0,1.9,1,1,D,18,12,4,1,0,0,19:45,H,2023/2024
2024-05-26,Frosinone,Udinese,2.38,3.25,3.0,1.99,1.91,-0.25,2.08,1.82,0,0,D,6,13,0,2,0,0,19:45,A,2023/2024
2024-05-26,Lazio,Sassuolo,1.36,5.25,7.5,1.5,2.63,-1.5,2.01,1.89,0,0,D,15,11,3,1,0,0,19:45,D,2023/2024
2024-05-26,Verona,Inter,5.5,4.0,1.53,1.62,2.3,1.0,1.98,1.92,2,2,D,17,8,1,1,0,0,19:45,D,2023/2024
2024-06-02,Atalanta,Fiorentina,1.48,4.75,6.0,1.53,2.5,-1.25,2.05,1.85,2,3,A,5,9,0,2,0,0,17:00,A,2023/2024
